,address,postcode,rental_price,service_costs,living_area,rooms,bedrooms,bathrooms,balcony,garden,energielabel,url,garden_size,Rental agreement,Deposit,Income requirement,Maximum number of residents,Duration,postcode_beginning,price_pm,energie_class
0,Hickorylaan 70,3545 CT,1541,6500.0,135.0,4.0,2.0,2.0,False,False,A,https://www.funda.nl/huur/utrecht/appartement-42813359-hickorylaan-70/,,,,,,,3545,11.414814814814815,4.0
1,Henriëtte Roland Holststraat 19,3511 MT,1595,,70.0,3.0,2.0,,False,False,B,https://www.funda.nl/huur/utrecht/appartement-88343505-henriette-roland-holststraat-19/,,,,,,,3511,22.785714285714285,5.0
2,CAB-rondom 135,3534 BJ,927,,74.0,2.0,1.0,2.0,True,False,A,https://www.funda.nl/huur/utrecht/appartement-42991027-cab-rondom-135/,,,,,,,3534,12.527027027027026,4.0
3,Hickorylaan 258,3545 CT,1329,6500.0,108.0,4.0,2.0,,False,True,A,https://www.funda.nl/huur/utrecht/appartement-42814467-hickorylaan-258/,,,,,,,3545,12.305555555555555,4.0
4,Tannhäuserdreef 274,3561 HR,1450,6300.0,80.0,4.0,3.0,,False,False,D,https://www.funda.nl/huur/utrecht/appartement-88228309-tannhauserdreef-274/,,,,,,,3561,18.125,7.0
5,Tannhäuserdreef 316,3561 HS,1450,6300.0,80.0,4.0,3.0,,False,False,D,https://www.funda.nl/huur/utrecht/appartement-88214220-tannhauserdreef-316/,,,,,,,3561,18.125,7.0
6,CAB-rondom 159,3534 BJ,1610,,110.0,3.0,2.0,3.0,True,False,A,https://www.funda.nl/huur/utrecht/appartement-42992057-cab-rondom-159/,,,,,,,3534,14.636363636363637,4.0
7,Catharijnesingel 74 C,3511 GM,1600,25000.0,32.0,2.0,1.0,,False,False,G,https://www.funda.nl/huur/utrecht/appartement-88332938-catharijnesingel-74-c/,,,,,,,3511,50.0,10.0
8,Faustdreef 411,3561 LN,1395,6300.0,80.0,4.0,3.0,,False,False,E,https://www.funda.nl/huur/utrecht/appartement-88182284-faustdreef-411/,,,,,,,3561,17.4375,8.0
9,Hickorylaan 346,3545 CT,1302,6500.0,104.0,3.0,2.0,2.0,False,False,A,https://www.funda.nl/huur/utrecht/appartement-42813353-hickorylaan-346/,,,,,,,3545,12.51923076923077,4.0
10,Marshalllaan 326,3527 TV,1395,4500.0,78.0,3.0,2.0,,False,False,D,https://www.funda.nl/huur/utrecht/appartement-88264183-marshalllaan-326/,,,,,,,3527,17.884615384615383,7.0
11,Tannhäuserdreef 330,3561 HT,1450,6300.0,80.0,4.0,3.0,,False,False,D,https://www.funda.nl/huur/utrecht/appartement-88226167-tannhauserdreef-330/,,,,,,,3561,18.125,7.0
12,Abel Tasmanstraat 23 A,3531 GS,1250,,67.0,3.0,1.0,,True,False,B,https://www.funda.nl/huur/utrecht/appartement-42997041-abel-tasmanstraat-23-a/,,,,,,,3531,18.65671641791045,5.0
13,Breedstraat 28,3512 TX,1400,,48.0,2.0,1.0,,False,False,C,https://www.funda.nl/huur/utrecht/appartement-88338588-breedstraat-28/,,,,,,,3512,29.166666666666668,6.0
14,Marshalllaan 311,3527 TH,1450,4500.0,78.0,3.0,2.0,,False,False,G,https://www.funda.nl/huur/utrecht/appartement-88293463-marshalllaan-311/,,,,,,,3527,18.58974358974359,10.0
15,Twellosebeeklaan 113,3521 DR,1525,,80.0,3.0,2.0,,False,False,Niet beschikbaar,https://www.funda.nl/huur/utrecht/appartement-42837941-twellosebeeklaan-113/,,,,,,,3521,19.0625,
16,Hickorylaan 266,3545 CT,1169,6500.0,82.0,3.0,2.0,2.0,False,True,A,https://www.funda.nl/huur/utrecht/appartement-42814562-hickorylaan-266/,,,,,,,3545,14.25609756097561,4.0
17,Moreelsehoek 190,3511 EZ,1096,8000.0,122.0,3.0,,,False,False,Niet beschikbaar,https://www.funda.nl/huur/utrecht/appartement-42847502-moreelsehoek-190/,,,,,,,3511,8.98360655737705,
18,Trumanhof 23,3527 CZ,1310,1300.0,85.0,4.0,3.0,2.0,False,True,A,https://www.funda.nl/huur/utrecht/huis-42988207-trumanhof-23/,43.0,,,,,,3527,15.411764705882353,4.0
19,Marshalllaan 338,3527 TV,1450,4500.0,78.0,3.0,2.0,,False,False,D,https://www.funda.nl/huur/utrecht/appartement-88333226-marshalllaan-338/,,,,,,,3527,18.58974358974359,7.0
20,Faustdreef 333,3561 LK,1450,6300.0,80.0,4.0,3.0,,False,False,F,https://www.funda.nl/huur/utrecht/appartement-88245541-faustdreef-333/,,,,,,,3561,18.125,9.0
21,Wijde Doelen 6,3512 XN,1495,,84.0,3.0,2.0,,False,False,F,https://www.funda.nl/huur/utrecht/huis-88353388-wijde-doelen-6/,,,,,,,3512,17.797619047619047,9.0
22,Visarendhof,3582 DR,140,,,,,,False,False,,https://www.funda.nl/huur/utrecht/parkeergelegenheid-42821104-visarendhof/,,,,,,,3582,,
23,Twellosebeeklaan 115,3521 DR,1040,,47.0,2.0,1.0,,False,False,A,https://www.funda.nl/huur/utrecht/appartement-42989620-twellosebeeklaan-115/,,,,,,,3521,22.127659574468087,4.0
24,Dirkje Mariastraat 17,3551 SK,1325,,50.0,2.0,1.0,2.0,False,True,G,https://www.funda.nl/huur/utrecht/appartement-42964133-dirkje-mariastraat-17/,14.0,,,,,,3551,26.5,10.0
25,Hickorylaan 364,3545 CT,1254,6500.0,98.0,3.0,2.0,2.0,True,False,A,https://www.funda.nl/huur/utrecht/appartement-42813357-hickorylaan-364/,,,,,,,3545,12.795918367346939,4.0
26,Faustdreef 439,3561 LP,1450,6300.0,80.0,4.0,3.0,,False,False,E,https://www.funda.nl/huur/utrecht/appartement-88245559-faustdreef-439/,,,,,,,3561,18.125,8.0
27,Twellosebeeklaan 193,3521 DR,1150,,52.0,2.0,1.0,,False,False,A,https://www.funda.nl/huur/utrecht/appartement-42989624-twellosebeeklaan-193/,,,,,,,3521,22.115384615384617,4.0
28,Hickorylaan 78,3545 CT,1329,6500.0,108.0,4.0,2.0,,False,True,A,https://www.funda.nl/huur/utrecht/appartement-42814667-hickorylaan-78/,,,,,,,3545,12.305555555555555,4.0
29,Twellosebeeklaan 293,3521 DR,1070,,50.0,2.0,1.0,,True,False,A,https://www.funda.nl/huur/utrecht/appartement-42989611-twellosebeeklaan-293/,,,,,,,3521,21.4,4.0
30,Twellosebeeklaan 237,3521 DR,1500,,80.0,3.0,2.0,,False,False,A,https://www.funda.nl/huur/utrecht/appartement-42989623-twellosebeeklaan-237/,,,,,,,3521,18.75,4.0
31,Hickorylaan 92,3545 CT,1181,6500.0,81.0,3.0,2.0,2.0,True,False,A,https://www.funda.nl/huur/utrecht/appartement-42814566-hickorylaan-92/,,,,,,,3545,14.580246913580247,4.0
32,Marshalllaan 335,3527 TJ,1395,4500.0,78.0,3.0,2.0,,False,False,E,https://www.funda.nl/huur/utrecht/appartement-88266293-marshalllaan-335/,,,,,,,3527,17.884615384615383,8.0
33,Hickorylaan 348,3545 CT,1181,6500.0,81.0,3.0,2.0,2.0,True,False,A,https://www.funda.nl/huur/utrecht/appartement-42814665-hickorylaan-348/,,,,,,,3545,14.580246913580247,4.0
34,Twellosebeeklaan 315,3521 DR,1070,,49.0,2.0,1.0,,True,False,A,https://www.funda.nl/huur/utrecht/appartement-42989629-twellosebeeklaan-315/,,,,,,,3521,21.836734693877553,4.0
35,Hickorylaan 108,3545 CT,1264,6500.0,98.0,3.0,2.0,2.0,True,False,A,https://www.funda.nl/huur/utrecht/appartement-42813337-hickorylaan-108/,,,,,,,3545,12.89795918367347,4.0
36,Marshalllaan 364,3527 TW,1450,4500.0,78.0,3.0,2.0,,False,False,C,https://www.funda.nl/huur/utrecht/appartement-88332234-marshalllaan-364/,,,,,,,3527,18.58974358974359,6.0
37,Weg tot de Wetenschap 15 C,3584 AC,1650,,68.0,2.0,1.0,,False,False,Niet beschikbaar,https://www.funda.nl/huur/utrecht/appartement-88333935-weg-tot-de-wetenschap-15-c/,,,,,,,3584,24.264705882352942,
38,Hickorylaan 188,3545 CT,1264,6500.0,98.0,3.0,2.0,2.0,True,False,A,https://www.funda.nl/huur/utrecht/appartement-42813342-hickorylaan-188/,,,,,,,3545,12.89795918367347,4.0
39,Grifthoek 104,3514 JJ,1360,5000.0,60.0,1.0,1.0,2.0,False,False,B,https://www.funda.nl/huur/utrecht/appartement-42970364-grifthoek-104/,,,,,,,3514,22.666666666666668,5.0
40,Hickorylaan 340,3545 CT,1111,6500.0,78.0,3.0,2.0,2.0,True,False,A,https://www.funda.nl/huur/utrecht/appartement-42813334-hickorylaan-340/,,,,,,,3545,14.243589743589743,4.0
41,Hickorylaan 264,3545 CT,1169,6500.0,82.0,3.0,2.0,2.0,False,True,A,https://www.funda.nl/huur/utrecht/appartement-42814576-hickorylaan-264/,,,,,,,3545,14.25609756097561,4.0
42,Wisselstraat 64 *,3551 WG,1450,,48.0,1.0,1.0,,False,False,A,https://www.funda.nl/huur/utrecht/appartement-42977670-wisselstraat-64/,,,,,,,3551,30.208333333333332,4.0
43,Grifthoek 118,3514 JJ,1569,5500.0,80.0,3.0,2.0,2.0,True,False,C,https://www.funda.nl/huur/utrecht/appartement-42990920-grifthoek-118/,,,,,,,3514,19.6125,6.0
44,Wisselstraat 78,3551 WG,1600,,47.0,2.0,1.0,,False,False,Niet beschikbaar,https://www.funda.nl/huur/utrecht/appartement-88313747-wisselstraat-78/,,,,,,,3551,34.04255319148936,
45,Monnetlaan 83 A,3527 GN,1350,4500.0,57.0,3.0,2.0,,False,False,Niet beschikbaar,https://www.funda.nl/huur/utrecht/appartement-88320624-monnetlaan-83-a/,,,,,,,3527,23.68421052631579,
46,Twellosebeeklaan 111,3521 DR,1500,,81.0,3.0,2.0,,False,False,Niet beschikbaar,https://www.funda.nl/huur/utrecht/appartement-42837940-twellosebeeklaan-111/,,,,,,,3521,18.51851851851852,
47,Rubicondreef 198,3561 JH,1450,6300.0,80.0,4.0,3.0,,False,False,F,https://www.funda.nl/huur/utrecht/appartement-88335389-rubicondreef-198/,,,,,,,3561,18.125,9.0
48,Faustdreef 135,3561 LD,1450,6300.0,80.0,4.0,3.0,,False,False,E,https://www.funda.nl/huur/utrecht/appartement-88275024-faustdreef-135/,,,,,,,3561,18.125,8.0
49,Kromme Nieuwegracht 60 2,3512 HL,1650,,60.0,2.0,1.0,,False,False,Niet beschikbaar,https://www.funda.nl/huur/utrecht/appartement-88348428-kromme-nieuwegracht-60-2/,,,,,,,3512,27.5,
50,2e Atjehstraat 55,3531 SR,1495,,60.0,2.0,1.0,,False,False,G,https://www.funda.nl/huur/utrecht/appartement-42994590-2e-atjehstraat-55/,,,,,,,3531,24.916666666666668,10.0
51,Nieuwegracht 76 bg,3512 LV,1350,,45.0,2.0,1.0,,False,False,Niet beschikbaar,https://www.funda.nl/huur/utrecht/appartement-88356669-nieuwegracht-76-bg/,,,,,,,3512,30.0,
52,Herenstraat 6 N,3512 KC,1600,,58.0,3.0,1.0,2.0,False,False,Niet verplicht,https://www.funda.nl/huur/utrecht/appartement-42996612-herenstraat-6-n/,,,,,,,3512,27.586206896551722,
53,CAB-rondom 129,3534 BJ,1595,,110.0,3.0,2.0,3.0,True,False,A,https://www.funda.nl/huur/utrecht/appartement-42992027-cab-rondom-129/,,,,,,,3534,14.5,4.0
54,Faustdreef 107,3561 LC,1395,6300.0,80.0,4.0,3.0,,False,False,E,https://www.funda.nl/huur/utrecht/appartement-88231824-faustdreef-107/,,,,,,,3561,17.4375,8.0
55,Hickorylaan 96,3545 CT,1181,6500.0,81.0,3.0,2.0,2.0,True,False,A,https://www.funda.nl/huur/utrecht/appartement-42814564-hickorylaan-96/,,,,,,,3545,14.580246913580247,4.0
56,Nieuwegracht 26 B,3512 LS,1300,,44.0,2.0,1.0,,False,False,A,https://www.funda.nl/huur/utrecht/appartement-87771771-nieuwegracht-26-b/,,,,,,,3512,29.545454545454547,4.0
57,Eykmanlaan 411,3571 JR,1200,14000.0,94.0,4.0,3.0,,False,False,G,https://www.funda.nl/huur/utrecht/appartement-42897483-eykmanlaan-411/,,,,,,,3571,12.76595744680851,10.0
58,Londenstraat 126,3541 CB,1600,,67.0,3.0,1.0,,False,False,A,https://www.funda.nl/huur/utrecht/appartement-88290983-londenstraat-126/,,,,,,,3541,23.880597014925375,4.0
59,Van Sijpesteijnkade 17 G,3521 AH,950,,43.0,2.0,1.0,,False,False,Niet beschikbaar,https://www.funda.nl/huur/utrecht/appartement-42886549-van-sijpesteijnkade-17-g/,,,,,,,3521,22.093023255813954,
60,Van Hoornekade 135,3554 AT,1100,,90.0,4.0,2.0,,False,False,G,https://www.funda.nl/huur/utrecht/appartement-42905507-van-hoornekade-135/,,,,,,,3554,12.222222222222221,10.0
61,Voorsterbeeklaan,3521 DE,100,,,,,,False,False,,https://www.funda.nl/huur/utrecht/parkeergelegenheid-88339577-voorsterbeeklaan/,,,,,,,3521,,
62,Wilde rucolavliet 41,3545 CL,1235,,81.0,3.0,2.0,2.0,True,False,A,https://www.funda.nl/huur/utrecht/appartement-42983233-wilde-rucolavliet-41/,,,,,,,3545,15.246913580246913,4.0
63,Hickorylaan 100,3545 CT,1184,6500.0,83.0,3.0,2.0,2.0,True,False,A,https://www.funda.nl/huur/utrecht/appartement-42814464-hickorylaan-100/,,,,,,,3545,14.265060240963855,4.0
64,Reykjavikstraat 568,3543 KB,968,3000.0,48.0,1.0,1.0,,True,False,A,https://www.funda.nl/huur/utrecht/appartement-42897370-reykjavikstraat-568/,,,,,,,3543,20.166666666666668,4.0
65,Potterstraat 4 A,3512 TA,1650,,73.0,2.0,1.0,,False,True,Niet beschikbaar,https://www.funda.nl/huur/utrecht/appartement-88200965-potterstraat-4-a/,,,,,,,3512,22.602739726027398,
66,Kanaalweg 95 17,3533 HH,1095,,38.0,2.0,1.0,,False,False,A++,https://www.funda.nl/huur/utrecht/appartement-88338739-kanaalweg-95-17/,,,,,,,3533,28.81578947368421,2.0
67,Reyer Anslostraat 143 P,3522 DJ,165,,,,,,False,False,,https://www.funda.nl/huur/utrecht/parkeergelegenheid-88950812-reyer-anslostraat-143-p/,,,,,,,3522,,
68,Auriollaan 12,3527 EV,1450,4500.0,76.0,3.0,2.0,,False,False,G,https://www.funda.nl/huur/utrecht/appartement-88335360-auriollaan-12/,,,,,,,3527,19.07894736842105,10.0
69,Pieterskerkhof 23 E,3512 JS,1495,10000.0,42.0,2.0,1.0,2.0,False,False,A+++,https://www.funda.nl/huur/utrecht/appartement-88357725-pieterskerkhof-23-e/,,,,,,,3512,35.595238095238095,1.0
70,Tannhäuserdreef 136,3561 HK,1450,6300.0,80.0,4.0,3.0,,False,False,D,https://www.funda.nl/huur/utrecht/appartement-88169457-tannhauserdreef-136/,,,,,,,3561,18.125,7.0
71,CAB-rondom 157,3534 BJ,927,,74.0,3.0,2.0,2.0,True,False,A,https://www.funda.nl/huur/utrecht/appartement-42992963-cab-rondom-157/,,,,,,,3534,12.527027027027026,4.0
72,Faustdreef 473,3561 LR,1395,6300.0,80.0,4.0,3.0,,False,False,E,https://www.funda.nl/huur/utrecht/appartement-88145062-faustdreef-473/,,,,,,,3561,17.4375,8.0
73,Twellosebeeklaan 281,3521 DR,1500,,80.0,3.0,2.0,,False,False,A,https://www.funda.nl/huur/utrecht/appartement-42989618-twellosebeeklaan-281/,,,,,,,3521,18.75,4.0
74,Hickorylaan 386,3545 CT,1322,6500.0,104.0,3.0,2.0,2.0,False,False,A,https://www.funda.nl/huur/utrecht/appartement-42813346-hickorylaan-386/,,,,,,,3545,12.711538461538462,4.0
75,Linnaeusstraat 30 bis,3553 CE,1075,,38.0,1.0,,,False,False,Niet beschikbaar,https://www.funda.nl/huur/utrecht/appartement-88325786-linnaeusstraat-30-bis/,,,,,,,3553,28.289473684210527,
76,Moreelsehoek 268,3511 EZ,1040,8000.0,50.0,1.0,1.0,,False,False,Niet beschikbaar,https://www.funda.nl/huur/utrecht/appartement-42694462-moreelsehoek-268/,,,,,,,3511,20.8,
77,Twellosebeeklaan 139,3521 DR,1040,,46.0,2.0,1.0,,False,False,A,https://www.funda.nl/huur/utrecht/appartement-42989627-twellosebeeklaan-139/,,,,,,,3521,22.608695652173914,4.0
78,CAB-rondom 9,3534 BJ,927,,74.0,2.0,,2.0,False,True,A,https://www.funda.nl/huur/utrecht/appartement-42991940-cab-rondom-9/,,,,,,,3534,12.527027027027026,4.0
79,Plesmanlaan 50 1,3555 AP,1350,,61.0,2.0,1.0,2.0,True,False,G,https://www.funda.nl/huur/utrecht/appartement-42974406-plesmanlaan-50-1/,,,,,,,3555,22.131147540983605,10.0
80,Visschersplein 178,3511 LX,1495,,70.0,2.0,1.0,,False,False,Niet verplicht,https://www.funda.nl/huur/utrecht/appartement-88337904-visschersplein-178/,,,,,,,3511,21.357142857142858,
81,CAB-rondom 13,3534 BJ,934,,75.0,2.0,,2.0,False,True,A,https://www.funda.nl/huur/utrecht/appartement-42991067-cab-rondom-13/,,,,,,,3534,12.453333333333333,4.0
82,Oud-Wulvenplantsoen 69,3523 XS,1524,4500.0,89.0,3.0,2.0,2.0,True,False,A,https://www.funda.nl/huur/utrecht/appartement-42836273-oud-wulvenplantsoen-69/,,,,,,,3523,17.123595505617978,4.0
83,Twellosebeeklaan 159,3521 DR,950,,49.0,2.0,1.0,,True,False,A,https://www.funda.nl/huur/utrecht/appartement-42989621-twellosebeeklaan-159/,,,,,,,3521,19.387755102040817,4.0
84,Marshalllaan 333,3527 TJ,725,4500.0,41.0,2.0,1.0,,False,False,D,https://www.funda.nl/huur/utrecht/appartement-88339649-marshalllaan-333/,,,,,,,3527,17.682926829268293,7.0
85,Faustdreef 475,3561 LR,1450,6300.0,80.0,4.0,3.0,,False,False,E,https://www.funda.nl/huur/utrecht/appartement-88332148-faustdreef-475/,,,,,,,3561,18.125,8.0
86,Buys Ballotstraat 5 Bel,3572 ZN,1250,,54.0,3.0,1.0,,True,False,Niet beschikbaar,https://www.funda.nl/huur/utrecht/appartement-42987734-buys-ballotstraat-5-bel/,,,,,,,3572,23.14814814814815,
87,Faustdreef 37,3561 LA,1450,6300.0,80.0,4.0,3.0,,False,False,E,https://www.funda.nl/huur/utrecht/appartement-88231535-faustdreef-37/,,,,,,,3561,18.125,8.0
88,Twellosebeeklaan 149,3521 DR,1175,,53.0,2.0,1.0,,False,False,A,https://www.funda.nl/huur/utrecht/appartement-42989610-twellosebeeklaan-149/,,,,,,,3521,22.169811320754718,4.0
89,Twellosebeeklaan 325,3521 DR,1510,,80.0,3.0,2.0,,False,False,A,https://www.funda.nl/huur/utrecht/appartement-42989612-twellosebeeklaan-325/,,,,,,,3521,18.875,4.0
90,Euterpedreef 62,3561 CX,1300,,75.0,3.0,2.0,2.0,True,False,E,https://www.funda.nl/huur/utrecht/appartement-88354989-euterpedreef-62/,,,,,,,3561,17.333333333333332,8.0
91,Twellosebeeklaan 141,3521 DR,1525,,81.0,3.0,2.0,,False,False,A,https://www.funda.nl/huur/utrecht/appartement-42989628-twellosebeeklaan-141/,,,,,,,3521,18.82716049382716,4.0
92,Twellosebeeklaan 295,3521 DR,1070,,50.0,2.0,1.0,,True,False,A,https://www.funda.nl/huur/utrecht/appartement-42989626-twellosebeeklaan-295/,,,,,,,3521,21.4,4.0
93,Springweg 452,3511 VZ,1195,,45.0,1.0,,,False,False,C,https://www.funda.nl/huur/utrecht/appartement-42899247-springweg-452/,,,,,,,3511,26.555555555555557,6.0
94,Pieterskerkhof 23 L,3512 JS,1750,10000.0,63.0,2.0,1.0,2.0,False,False,A+++,https://www.funda.nl/huur/utrecht/appartement-88357733-pieterskerkhof-23-l/,,,,,,,3512,27.77777777777778,1.0
95,CAB-rondom 149,3534 BJ,927,,74.0,3.0,2.0,2.0,True,False,A,https://www.funda.nl/huur/utrecht/appartement-42992399-cab-rondom-149/,,,,,,,3534,12.527027027027026,4.0
96,Camposdreef 16,3563 XM,1050,,66.0,2.0,1.0,2.0,True,True,A++,https://www.funda.nl/huur/utrecht/appartement-42988118-camposdreef-16/,,,,,,,3563,15.909090909090908,2.0
97,Carel Willinkstraat 43,3544 MA,1650,,80.0,3.0,2.0,,False,True,A,https://www.funda.nl/huur/utrecht/huis-88343683-carel-willinkstraat-43/,,,,,,,3544,20.625,4.0
98,Hickorylaan 76,3545 CT,1329,6500.0,108.0,4.0,2.0,,False,True,A,https://www.funda.nl/huur/utrecht/appartement-42814468-hickorylaan-76/,,,,,,,3545,12.305555555555555,4.0
99,Hickorylaan 154,3545 CT,1085,6500.0,73.0,3.0,2.0,,False,False,A,https://www.funda.nl/huur/utrecht/appartement-42814459-hickorylaan-154/,,,,,,,3545,14.863013698630137,4.0
100,Van Weerden Poelmanlaan 2,3527 KN,1350,,92.0,3.0,2.0,,False,False,G,https://www.funda.nl/huur/utrecht/appartement-88331638-van-weerden-poelmanlaan-2/,,,,,,,3527,14.673913043478262,10.0
101,Burgemeester Reigerstraat 2 B,3581 KR,1425,,56.0,2.0,1.0,2.0,False,False,G,https://www.funda.nl/huur/utrecht/appartement-42987983-burgemeester-reigerstraat-2-b/,,,,,,,3581,25.446428571428573,10.0
102,Hickorylaan 120,3545 CT,1274,6500.0,98.0,3.0,2.0,2.0,True,False,A,https://www.funda.nl/huur/utrecht/appartement-42813354-hickorylaan-120/,,,,,,,3545,13.0,4.0
103,Hickorylaan 418,3545 CT,1105,6500.0,73.0,3.0,2.0,,False,False,A,https://www.funda.nl/huur/utrecht/appartement-42814458-hickorylaan-418/,,,,,,,3545,15.136986301369863,4.0
104,Pablo Picassostraat,3544 NX,1295,,88.0,3.0,2.0,,False,False,Niet beschikbaar,https://www.funda.nl/huur/utrecht/appartement-42964767-pablo-picassostraat/,,,,,,,3544,14.715909090909092,
105,Hickorylaan 268,3545 CT,1322,6500.0,104.0,3.0,2.0,2.0,False,True,A,https://www.funda.nl/huur/utrecht/appartement-42813344-hickorylaan-268/,,,,,,,3545,12.711538461538462,4.0
106,CAB-rondom 151,3534 BJ,927,,74.0,2.0,1.0,2.0,True,False,A,https://www.funda.nl/huur/utrecht/appartement-42991036-cab-rondom-151/,,,,,,,3534,12.527027027027026,4.0
107,Hickorylaan 300,3545 CT,1111,6500.0,78.0,3.0,2.0,2.0,True,False,A,https://www.funda.nl/huur/utrecht/appartement-42813339-hickorylaan-300/,,,,,,,3545,14.243589743589743,4.0
108,Prinses Beatrixplein 20,3523 VD,1500,5000.0,70.0,3.0,2.0,2.0,False,True,B,https://www.funda.nl/huur/utrecht/appartement-42987585-prinses-beatrixplein-20/,25.0,,,,,,3523,21.428571428571427,5.0
109,Twellosebeeklaan 183,3521 DR,950,,49.0,2.0,1.0,,True,False,A,https://www.funda.nl/huur/utrecht/appartement-42989619-twellosebeeklaan-183/,,,,,,,3521,19.387755102040817,4.0
110,Hickorylaan 262,3545 CT,1111,6500.0,78.0,3.0,2.0,2.0,True,False,A,https://www.funda.nl/huur/utrecht/appartement-42814463-hickorylaan-262/,,,,,,,3545,14.243589743589743,4.0
111,Tannhäuserdreef 178,3561 HL,1450,6300.0,80.0,4.0,3.0,,False,False,D,https://www.funda.nl/huur/utrecht/appartement-88228346-tannhauserdreef-178/,,,,,,,3561,18.125,7.0
112,Nijenoord 315,3552 AS,1411,5500.0,97.0,4.0,3.0,,False,False,Niet beschikbaar,https://www.funda.nl/huur/utrecht/appartement-42817532-nijenoord-315/,,,,,,,3552,14.54639175257732,
113,Twellosebeeklaan 123,3521 DR,1040,,50.0,2.0,1.0,,True,False,A,https://www.funda.nl/huur/utrecht/appartement-42989635-twellosebeeklaan-123/,,,,,,,3521,20.8,4.0
114,Twellosebeeklaan 143,3521 DR,1500,,81.0,3.0,2.0,,False,False,A,https://www.funda.nl/huur/utrecht/appartement-42989616-twellosebeeklaan-143/,,,,,,,3521,18.51851851851852,4.0
115,Oudegracht 210 A,3511 NS,1595,,41.0,2.0,1.0,,False,False,Niet beschikbaar,https://www.funda.nl/huur/utrecht/appartement-88317865-oudegracht-210-a/,,,,,,,3511,38.90243902439025,
116,Tannhäuserdreef 176,3561 HL,1450,6300.0,80.0,4.0,3.0,,False,False,C,https://www.funda.nl/huur/utrecht/appartement-88291925-tannhauserdreef-176/,,,,,,,3561,18.125,6.0
117,Kromme Nieuwegracht 11 C,3512 HC,1695,,100.0,3.0,2.0,,False,False,G,https://www.funda.nl/huur/utrecht/appartement-88347097-kromme-nieuwegracht-11-c/,,,,,,,3512,16.95,10.0
118,CAB-rondom 147,3534 BJ,927,,74.0,3.0,2.0,2.0,True,False,A,https://www.funda.nl/huur/utrecht/appartement-42992204-cab-rondom-147/,,,,,,,3534,12.527027027027026,4.0
119,Oudenoord 256,3513 EV,1146,3000.0,54.0,2.0,1.0,,False,False,A,https://www.funda.nl/huur/utrecht/appartement-42804258-oudenoord-256/,,,,,,,3513,21.22222222222222,4.0
120,Hickorylaan 180,3545 CT,1204,6500.0,83.0,3.0,2.0,2.0,True,False,A,https://www.funda.nl/huur/utrecht/appartement-42814466-hickorylaan-180/,,,,,,,3545,14.506024096385541,4.0
121,Moreelsehoek 396,3511 EZ,1073,8000.0,50.0,1.0,1.0,,False,False,Niet beschikbaar,https://www.funda.nl/huur/utrecht/appartement-42985440-moreelsehoek-396/,,,,,,,3511,21.46,
122,Marshalllaan 352 A,3527 TW,1325,4500.0,78.0,4.0,3.0,,False,False,Niet beschikbaar,https://www.funda.nl/huur/utrecht/appartement-88291897-marshalllaan-352-a/,,,,,,,3527,16.987179487179485,
123,Wulpstraat 55 *,3582 AW,1225,,30.0,2.0,1.0,,False,False,A,https://www.funda.nl/huur/utrecht/appartement-88351938-wulpstraat-55/,,,,,,,3582,40.833333333333336,4.0
124,CAB-rondom 11,3534 BJ,934,,75.0,2.0,,2.0,False,True,A,https://www.funda.nl/huur/utrecht/appartement-42991063-cab-rondom-11/,,,,,,,3534,12.453333333333333,4.0
125,Monnetlaan 81,3527 GN,1450,4500.0,76.0,3.0,2.0,,False,False,E,https://www.funda.nl/huur/utrecht/appartement-88327842-monnetlaan-81/,,,,,,,3527,19.07894736842105,8.0
126,Van Eysingalaan 187,3527 VE,1350,,70.0,3.0,2.0,2.0,True,False,E,https://www.funda.nl/huur/utrecht/appartement-42985046-van-eysingalaan-187/,,,,,,,3527,19.285714285714285,8.0
127,Faustdreef 437,3561 LP,1450,6300.0,80.0,4.0,3.0,,False,False,F,https://www.funda.nl/huur/utrecht/appartement-88276665-faustdreef-437/,,,,,,,3561,18.125,9.0
128,Marshalllaan 394,3527 TW,925,4500.0,41.0,2.0,1.0,,False,False,D,https://www.funda.nl/huur/utrecht/appartement-88262933-marshalllaan-394/,,,,,,,3527,22.5609756097561,7.0
129,Hickorylaan 302,3545 CT,1169,6500.0,82.0,3.0,2.0,2.0,True,False,A,https://www.funda.nl/huur/utrecht/appartement-42814578-hickorylaan-302/,,,,,,,3545,14.25609756097561,4.0
130,Hickorylaan 124,3545 CT,1050,6500.0,73.0,3.0,2.0,,False,False,A,https://www.funda.nl/huur/utrecht/appartement-42814457-hickorylaan-124/,,,,,,,3545,14.383561643835616,4.0
131,Auriollaan 32,3527 EV,1395,4500.0,76.0,3.0,2.0,,False,False,G,https://www.funda.nl/huur/utrecht/appartement-88169471-auriollaan-32/,,,,,,,3527,18.355263157894736,10.0
132,Marshalllaan 387,3527 TK,1450,4500.0,78.0,3.0,2.0,,False,False,E,https://www.funda.nl/huur/utrecht/appartement-88289616-marshalllaan-387/,,,,,,,3527,18.58974358974359,8.0
133,Oscar Hammersteinstraat 24,3543 CV,1245,,90.0,2.0,1.0,2.0,True,False,A,https://www.funda.nl/huur/utrecht/appartement-42979851-oscar-hammersteinstraat-24/,,,,,,,3543,13.833333333333334,4.0
134,Piet Heinstraat 9,3582 BX,1675,,70.0,2.0,1.0,,False,True,C,https://www.funda.nl/huur/utrecht/huis-88339734-piet-heinstraat-9/,50.0,,,,,,3582,23.928571428571427,6.0
135,Twellosebeeklaan 117,3521 DR,965,,50.0,2.0,1.0,,False,False,A,https://www.funda.nl/huur/utrecht/appartement-42989615-twellosebeeklaan-117/,,,,,,,3521,19.3,4.0
136,Hickorylaan 148,3545 CT,1229,6500.0,98.0,3.0,2.0,2.0,True,False,A,https://www.funda.nl/huur/utrecht/appartement-42813320-hickorylaan-148/,,,,,,,3545,12.540816326530612,4.0
137,Eykmanlaan 415,3571 JR,1200,14000.0,94.0,4.0,3.0,,False,False,G,https://www.funda.nl/huur/utrecht/appartement-42737602-eykmanlaan-415/,,,,,,,3571,12.76595744680851,10.0
138,Hickorylaan 140,3545 CT,1184,6500.0,83.0,3.0,2.0,2.0,True,False,A,https://www.funda.nl/huur/utrecht/appartement-42813351-hickorylaan-140/,,,,,,,3545,14.265060240963855,4.0
139,Abstederdijk 133,3582 BE,1600,,87.0,4.0,2.0,,False,True,F,https://www.funda.nl/huur/utrecht/huis-42973121-abstederdijk-133/,45.0,,,,,,3582,18.39080459770115,9.0
140,CAB-rondom 143,3534 BJ,927,,74.0,2.0,1.0,2.0,True,False,A,https://www.funda.nl/huur/utrecht/appartement-42991033-cab-rondom-143/,,,,,,,3534,12.527027027027026,4.0
141,Pal Maleterstraat 11,3573 PE,1645,,112.0,4.0,3.0,,False,False,B,https://www.funda.nl/huur/utrecht/appartement-88200970-pal-maleterstraat-11/,,,,,,,3573,14.6875,5.0
142,Faustdreef 105,3561 LC,1450,6300.0,80.0,4.0,3.0,,False,False,E,https://www.funda.nl/huur/utrecht/appartement-88251276-faustdreef-105/,,,,,,,3561,18.125,8.0
143,Twellosebeeklaan 291,3521 DR,1070,,49.0,2.0,1.0,,True,False,A,https://www.funda.nl/huur/utrecht/appartement-42989625-twellosebeeklaan-291/,,,,,,,3521,21.836734693877553,4.0
144,Soestdijkstraat 8,3523 VM,1750,,118.0,5.0,4.0,2.0,False,True,F,https://www.funda.nl/huur/utrecht/huis-42971360-soestdijkstraat-8/,38.0,,,,,,3523,14.830508474576272,9.0
145,Karel Doormanlaan 11,3572 NA,1750,,100.0,3.0,2.0,,False,False,D,https://www.funda.nl/huur/utrecht/appartement-88354070-karel-doormanlaan-11/,,,,,,,3572,17.5,7.0
146,Hickorylaan 324,3545 CT,1254,6500.0,98.0,3.0,2.0,2.0,True,False,A,https://www.funda.nl/huur/utrecht/appartement-42813356-hickorylaan-324/,,,,,,,3545,12.795918367346939,4.0
147,Pieterskerkhof 23 B,3512 JS,1675,10000.0,66.0,2.0,1.0,2.0,False,False,A++,https://www.funda.nl/huur/utrecht/appartement-88357720-pieterskerkhof-23-b/,,,,,,,3512,25.37878787878788,2.0
148,Nijenoord 219,3552 AS,1023,5500.0,52.0,2.0,1.0,,False,False,Niet beschikbaar,https://www.funda.nl/huur/utrecht/appartement-42638953-nijenoord-219/,,,,,,,3552,19.673076923076923,
149,Bollenhofsestraat 39 A,3572 VH,1500,,72.0,3.0,2.0,,False,False,Niet beschikbaar,https://www.funda.nl/huur/utrecht/huis-42983493-bollenhofsestraat-39-a/,,,,,,,3572,20.833333333333332,
150,Oudenoord 172,3513 EV,1134,3000.0,54.0,1.0,1.0,,False,False,G,https://www.funda.nl/huur/utrecht/appartement-42953887-oudenoord-172/,,,,,,,3513,21.0,10.0
151,Van Sijpesteijnkade 17 B,3521 AH,1450,,55.0,2.0,1.0,,False,False,Niet beschikbaar,https://www.funda.nl/huur/utrecht/appartement-42886785-van-sijpesteijnkade-17-b/,,,,,,,3521,26.363636363636363,
152,Gildstraat 86 B,3572 ER,1550,,65.0,2.0,1.0,2.0,True,False,G,https://www.funda.nl/huur/utrecht/appartement-42985072-gildstraat-86-b/,,,,,,,3572,23.846153846153847,10.0
153,Amsterdamsestraatweg 233 E,3551 CC,1095,,55.0,2.0,1.0,2.0,False,False,C,https://www.funda.nl/huur/utrecht/appartement-42975720-amsterdamsestraatweg-233-e/,,,,,,,3551,19.90909090909091,6.0
154,CAB-rondom 131,3534 BJ,1455,,96.0,4.0,3.0,3.0,True,False,A,https://www.funda.nl/huur/utrecht/appartement-42992029-cab-rondom-131/,,,,,,,3534,15.15625,4.0
155,Auriollaan 41,3527 ES,1575,,75.0,4.0,3.0,,False,False,F,https://www.funda.nl/huur/utrecht/appartement-88340702-auriollaan-41/,,,,,,,3527,21.0,9.0
156,Apartment Van Heuven Goedhartplein 653 in Utrecht,3527 DZ ,1025,,54.0,2.0,1.0,1.0,False,False,A,https://www.pararius.com/apartment-for-rent/utrecht/9e510513/van-heuven-goedhartplein,,,,,,,3527,18.98148148148148,4.0
157,Apartment Van Sijpesteijnkade in Utrecht,3521 AH ,950,,43.0,2.0,1.0,1.0,False,False,,https://www.pararius.com/apartment-for-rent/utrecht/bb76b004/van-sijpesteijnkade,,,,,,,3521,22.093023255813954,
158,House Carel Willinkstraat in Utrecht,3544 MA ,1650,,80.0,3.0,2.0,,False,True,A,https://www.pararius.com/house-for-rent/utrecht/8353dcca/carel-willinkstraat,,Temporary rental,€3300,€4950,2,,3544,20.625,4.0
159,Apartment Jutfaseweg 96 in Utrecht,3522 HH ,700,,20.0,2.0,1.0,1.0,False,False,,https://www.pararius.com/apartment-for-rent/utrecht/32222706/jutfaseweg,,Unlimited period,,,,Minimum of 1 months,3522,35.0,
160,Apartment Pal Maleterstraat 57 in Utrecht,3573 PG ,1675,,112.0,4.0,3.0,1.0,True,False,B,https://www.pararius.com/apartment-for-rent/utrecht/3b2e0368/pal-maleterstraat,,,,,,,3573,14.955357142857142,5.0
161,Apartment Koningslaan in Utrecht,3583 GB ,1250,,50.0,2.0,1.0,1.0,False,False,,https://www.pararius.com/apartment-for-rent/utrecht/aef46284/koningslaan,,,,,,,3583,25.0,
162,Apartment Van Hoornekade 135 in Utrecht,3554 AT ,1100,,90.0,4.0,2.0,,False,False,,https://www.pararius.com/apartment-for-rent/utrecht/3e92cf4e/van-hoornekade,,,,,,,3554,12.222222222222221,
163,Apartment Visschersplein 178 in Utrecht,3511 LX ,1495,,70.0,2.0,1.0,1.0,False,False,A,https://www.pararius.com/apartment-for-rent/utrecht/5010e514/visschersplein,,,€2990,,,,3511,21.357142857142858,4.0
164,Studio Berlijnplein in Utrecht,3541 CM ,633,327.0,30.0,1.0,,1.0,False,True,,https://www.pararius.com/studio-for-rent/utrecht/2c891cec/berlijnplein,,,€1500,€2000,2,,3541,21.1,
165,Apartment 2e Spechtstraat in Utrecht,3514 TW ,1625,,110.0,3.0,2.0,1.0,True,True,,https://www.pararius.com/apartment-for-rent/utrecht/a17fb00d/2e-spechtstraat,12.0,,€1625,,,,3514,14.772727272727273,
166,Apartment Trumanlaan in Utrecht,3527 BM ,1530,,75.0,3.0,2.0,2.0,True,False,B,https://www.pararius.com/apartment-for-rent/utrecht/32db0281/trumanlaan,,Unlimited period,€2000,,,,3527,20.4,5.0
167,Apartment Karel Doormanlaan in Utrecht,3572 NA ,1750,,100.0,3.0,2.0,1.0,True,False,E,https://www.pararius.com/apartment-for-rent/utrecht/bec8caaf/karel-doormanlaan,,Unlimited period,€3500,€5250,,,3572,17.5,8.0
168,Apartment Peltlaan in Utrecht,3527 EB ,1300,,72.0,3.0,2.0,1.0,False,False,E,https://www.pararius.com/apartment-for-rent/utrecht/83bcf533/peltlaan,,Temporary rental,€3500,,,,3527,18.055555555555557,8.0
169,Studio Oudegracht in Utrecht,3511 AB ,730,315.0,24.0,1.0,1.0,1.0,False,True,,https://www.pararius.com/studio-for-rent/utrecht/26e0fcfb/oudegracht,,Temporary rental,€1500,,1,,3511,30.416666666666668,
170,Apartment Pal Maleterstraat 47 in Utrecht,3573 PG ,1325,,76.0,2.0,1.0,1.0,False,False,A,https://www.pararius.com/apartment-for-rent/utrecht/3b1d1c8e/pal-maleterstraat,,,,,,,3573,17.43421052631579,4.0
171,Apartment Bemuurde Weerd O.Z. 50 in Utrecht,3514 AS ,1295,,53.0,2.0,1.0,1.0,False,False,D,https://www.pararius.com/apartment-for-rent/utrecht/ce7bd98e/bemuurde-weerd-o-z,,,,,,,3514,24.433962264150942,7.0
172,Apartment Van Heuven Goedhartplein 718 in Utrecht,3527 DZ ,1105,,54.0,2.0,1.0,1.0,False,False,A,https://www.pararius.com/apartment-for-rent/utrecht/8a2351ec/van-heuven-goedhartplein,,,,,,,3527,20.462962962962962,4.0
173,Apartment Europaplein 859 in Utrecht,3526 WS ,1150,,45.0,2.0,1.0,1.0,False,False,A,https://www.pararius.com/apartment-for-rent/utrecht/432542fa/europaplein,,,,,,Minimum of 12 months,3526,25.555555555555557,4.0
174,Apartment Gruttersdijk 28 H in Utrecht,3514 BH ,1500,,60.0,2.0,1.0,1.0,True,False,,https://www.pararius.com/apartment-for-rent/utrecht/00ff528d/gruttersdijk,,Temporary rental,,,,"Minimum of 12, maximum of 24 months",3514,25.0,
175,Apartment Twijnstraat in Utrecht,3511 ZL ,1150,,31.0,2.0,1.0,,False,False,,https://www.pararius.com/apartment-for-rent/utrecht/40a9c93d/twijnstraat,,Temporary rental,€1150,,,,3511,37.096774193548384,
176,Apartment Monarchvlinderlaan in Utrecht,3544 DC ,1295,,56.0,3.0,1.0,1.0,False,False,A,https://www.pararius.com/apartment-for-rent/utrecht/7fc58433/monarchvlinderlaan,,Temporary rental,€2590,,2,,3544,23.125,4.0
177,Apartment Catharijnesingel in Utrecht,3511 GM ,1600,250.0,32.0,2.0,1.0,,False,False,D,https://www.pararius.com/apartment-for-rent/utrecht/e307977c/catharijnesingel,,,,,,,3511,50.0,7.0
178,Apartment Vleutenseweg in Utrecht,3532 HL ,1650,,47.0,2.0,1.0,,True,True,,https://www.pararius.com/apartment-for-rent/utrecht/f8fe35e2/vleutenseweg,,,€1650,,,,3532,35.1063829787234,
179,Apartment Zambesidreef 139 in Utrecht,3564 CB ,1230,,88.0,3.0,2.0,1.0,True,False,A+,https://www.pararius.com/apartment-for-rent/utrecht/6d03c0f1/zambesidreef,,,,,,,3564,13.977272727272727,3.0
180,Studio Bemuurde Weerd O.Z. 33 in Utrecht,3514 AP ,1500,,55.0,1.0,1.0,1.0,True,True,,https://www.pararius.com/studio-for-rent/utrecht/fc24df83/bemuurde-weerd-o-z,60.0,Temporary rental,€3000,,,,3514,27.272727272727273,
181,Apartment Auriollaan in Utrecht,3527 ES ,1575,,75.0,4.0,3.0,1.0,True,False,B,https://www.pararius.com/apartment-for-rent/utrecht/44a0c9b1/auriollaan,,Temporary rental,€3150,€4725,,,3527,21.0,5.0
182,Apartment Kromme Nieuwegracht in Utrecht,3512 HC ,1695,,100.0,3.0,2.0,1.0,True,False,,https://www.pararius.com/apartment-for-rent/utrecht/36e48ff9/kromme-nieuwegracht,,Temporary rental,€3390,€5085,,,3512,16.95,
183,Apartment Nieuwegracht in Utrecht,3512 LV ,1350,,45.0,2.0,1.0,1.0,False,False,,https://www.pararius.com/apartment-for-rent/utrecht/a15db453/nieuwegracht,,Temporary rental,€2700,€4050,1,,3512,30.0,
184,Apartment Westerdijk 4 0116 in Utrecht,3513 EW ,895,,28.0,1.0,,1.0,False,False,A,https://www.pararius.com/apartment-for-rent/utrecht/7e953747/westerdijk,,,,,,,3513,31.964285714285715,4.0
185,Apartment Pieterskerkhof 23 L in Utrecht,3512 JS ,1750,100.0,63.0,2.0,1.0,1.0,False,False,A+++,https://www.pararius.com/apartment-for-rent/utrecht/70eb0c4b/pieterskerkhof,,,,,,,3512,27.77777777777778,1.0
186,Apartment Koekoeksplein in Utrecht,3514 TT ,1515,,45.0,3.0,2.0,1.0,False,True,B,https://www.pararius.com/apartment-for-rent/utrecht/b686dd1f/koekoeksplein,10.0,Temporary rental,€3030,,2,,3514,33.666666666666664,5.0
187,Apartment Gruttersdijk 27 M in Utrecht,3514 BH ,1400,,51.0,2.0,1.0,1.0,False,False,,https://www.pararius.com/apartment-for-rent/utrecht/a03a96cc/gruttersdijk,,Temporary rental,,,,"Minimum of 12, maximum of 24 months",3514,27.45098039215686,
188,Apartment Bloemstraat in Utrecht,3581 WE ,1295,,45.0,2.0,1.0,1.0,False,True,D,https://www.pararius.com/apartment-for-rent/utrecht/dff215e0/bloemstraat,12.0,Unlimited period,,,,Minimum of 12 months,3581,28.77777777777778,7.0
189,Studio Vleutenseweg in Utrecht,3532 HH ,1295,,20.0,1.0,,,False,False,,https://www.pararius.com/studio-for-rent/utrecht/a02ba2e8/vleutenseweg,,,€2590,,1,,3532,64.75,
190,Studio Limapad in Utrecht,3584 SR ,520,,22.0,2.0,1.0,2.0,False,False,,https://www.pararius.com/studio-for-rent/utrecht/48156611/limapad,,,,,,,3584,23.636363636363637,
191,Apartment Wisselstraat in Utrecht,3551 WG ,1600,,47.0,2.0,1.0,,False,False,A,https://www.pararius.com/apartment-for-rent/utrecht/66348f0e/wisselstraat,,,,,,,3551,34.04255319148936,4.0
192,Apartment Maliestraat 1 5 in Utrecht,3581 SH ,1745,150.0,60.0,2.0,1.0,1.0,False,True,,https://www.pararius.com/apartment-for-rent/utrecht/f97bb17d/maliestraat,,,€3490,,,,3581,29.083333333333332,
193,Apartment Domplein in Utrecht,3512 JC ,975,,22.0,1.0,1.0,,False,False,,https://www.pararius.com/apartment-for-rent/utrecht/3303ef9a/domplein,,,,,,,3512,44.31818181818182,
194,Apartment Breedstraat in Utrecht,3512 TX ,1400,,48.0,2.0,1.0,,False,False,,https://www.pararius.com/apartment-for-rent/utrecht/ab97c227/breedstraat,,,,,,,3512,29.166666666666668,
195,Apartment Kromme Nieuwegracht in Utrecht,3512 HL ,1650,,60.0,2.0,1.0,,False,False,,https://www.pararius.com/apartment-for-rent/utrecht/df2a0d25/kromme-nieuwegracht,,Temporary rental,€3300,€4950,,,3512,27.5,
196,House Bollenhofsestraat in Utrecht,3572 VH ,1500,,72.0,3.0,2.0,1.0,False,False,,https://www.pararius.com/house-for-rent/utrecht/49579329/bollenhofsestraat,,,,,,,3572,20.833333333333332,
197,House Abstederdijk in Utrecht,3582 BE ,1600,,87.0,4.0,2.0,2.0,False,True,,https://www.pararius.com/house-for-rent/utrecht/405afd42/abstederdijk,45.0,,,,,,3582,18.39080459770115,
198,House Korenbloemstraat in Utrecht,3551 GM ,1750,,85.0,4.0,2.0,2.0,False,True,F,https://www.pararius.com/house-for-rent/utrecht/1f1f3263/korenbloemstraat,16.0,Unlimited period,€1750,€5250,2,,3551,20.58823529411765,9.0
199,Apartment Hebe Kohlbruggeweg in Utrecht,3527 MD ,1500,,67.0,2.0,1.0,1.0,False,False,A++,https://www.pararius.com/apartment-for-rent/utrecht/5baa9b49/hebe-kohlbruggeweg,,,€3000,,,,3527,22.388059701492537,2.0
200,Apartment Twellosebeeklaan in Utrecht,3521 DR ,1525,,80.0,3.0,2.0,,False,False,,https://www.pararius.com/apartment-for-rent/utrecht/d176be81/twellosebeeklaan,,,,,,,3521,19.0625,
201,House Piet Heinstraat 9 in Utrecht,3582 BX ,1675,,70.0,2.0,1.0,,False,True,C,https://www.pararius.com/house-for-rent/utrecht/bd31e1fb/piet-heinstraat,50.0,,,,,,3582,23.928571428571427,6.0
202,Apartment Twellosebeeklaan in Utrecht,3521 DR ,1500,,81.0,3.0,2.0,,False,False,,https://www.pararius.com/apartment-for-rent/utrecht/90eb4902/twellosebeeklaan,,,,,,,3521,18.51851851851852,
203,Apartment Obrechtstraat 4 in Utrecht,3572 EE ,1495,,70.0,2.0,1.0,1.0,False,True,B,https://www.pararius.com/apartment-for-rent/utrecht/5bb3b77a/obrechtstraat,,,€2990,,,,3572,21.357142857142858,5.0
204,Apartment Adriaan van Bergenstraat in Utrecht,3554 VE ,1600,,81.0,3.0,2.0,1.0,True,False,A,https://www.pararius.com/apartment-for-rent/utrecht/558fd8b4/adriaan-van-bergenstraat,,,,,,,3554,19.753086419753085,4.0
205,Apartment Wijde Begijnestraat in Utrecht,3512 AW ,1400,,60.0,2.0,1.0,1.0,False,False,,https://www.pararius.com/apartment-for-rent/utrecht/f2a2f833/wijde-begijnestraat,,,€2800,,2,,3512,23.333333333333332,
206,House Singelstraat in Utrecht,3513 BM ,1695,,70.0,2.0,1.0,1.0,False,False,D,https://www.pararius.com/house-for-rent/utrecht/96db807c/singelstraat,,,,,,,3513,24.214285714285715,7.0
207,Apartment Tafelbergdreef 192 in Utrecht,3564 AG ,1325,,84.0,4.0,3.0,1.0,True,False,F,https://www.pararius.com/apartment-for-rent/utrecht/43bba35a/tafelbergdreef,,,,,,Minimum of 12 months,3564,15.773809523809524,9.0
208,Apartment Weerdsingel O.Z. in Utrecht,3514 AG ,1500,,75.0,2.0,1.0,1.0,False,False,,https://www.pararius.com/apartment-for-rent/utrecht/c19da239/weerdsingel-o-z,,,,,,,3514,20.0,
209,Apartment Zadelstraat 5 in Utrecht,3511 LR ,1350,,62.0,2.0,1.0,1.0,False,False,F,https://www.pararius.com/apartment-for-rent/utrecht/689f51e3/zadelstraat,,,,,,,3511,21.774193548387096,9.0
210,Apartment Hekelsteeg 10 A in Utrecht,3511 AK ,1325,,51.0,2.0,1.0,1.0,False,True,D,https://www.pararius.com/apartment-for-rent/utrecht/cfa3e7bc/hekelsteeg,,,€1350,,,,3511,25.980392156862745,7.0
211,Apartment Smakkelaarsveld 23 in Utrecht,3511 EA ,1450,,50.0,2.0,1.0,1.0,True,False,C,https://www.pararius.com/apartment-for-rent/utrecht/2f0b764d/smakkelaarsveld,,,€1450,,,,3511,29.0,6.0
212,Apartment Van Weerden Poelmanlaan 2 in Utrecht,3527 KN ,1350,,92.0,3.0,2.0,1.0,True,False,G,https://www.pararius.com/apartment-for-rent/utrecht/143bfcc8/van-weerden-poelmanlaan,,,,,,Minimum of 12 months,3527,14.673913043478262,10.0
213,Apartment Burgemeester Reigerstraat in Utrecht,3581 KW ,1550,,58.0,2.0,1.0,1.0,True,False,,https://www.pararius.com/apartment-for-rent/utrecht/49495a3e/burgemeester-reigerstraat,,Temporary rental,€1745,€5100,2,,3581,26.724137931034484,
214,Apartment Westerdijk 4 1702 in Utrecht,3513 EW ,1195,,44.0,2.0,1.0,1.0,False,False,A,https://www.pararius.com/apartment-for-rent/utrecht/48d7bb7a/westerdijk,,,,,,,3513,27.15909090909091,4.0
215,Apartment Pablo Picassostraat in Utrecht,3544 NX ,1295,45.0,88.0,3.0,2.0,,False,False,,https://www.pararius.com/apartment-for-rent/utrecht/e97b0e8d/pablo-picassostraat,,,,,,,3544,14.715909090909092,
216,Apartment Loeff Berchmakerstraat 11 1 in Utrecht,3512 TC ,1050,,35.0,2.0,1.0,1.0,False,False,,https://www.pararius.com/apartment-for-rent/utrecht/6d8a76f8/loeff-berchmakerstraat,,Unlimited period,,,,Minimum of 1 months,3512,30.0,
217,Apartment Pieterskerkhof 23 B in Utrecht,3512 JS ,1675,100.0,66.0,2.0,1.0,1.0,False,False,A++,https://www.pararius.com/apartment-for-rent/utrecht/a6659750/pieterskerkhof,,,,,,,3512,25.37878787878788,2.0
218,Apartment Nachtegaalstraat in Utrecht,3581 AB ,1395,,65.0,2.0,1.0,1.0,False,False,,https://www.pararius.com/apartment-for-rent/utrecht/0343c454/nachtegaalstraat,,,€3290,,,,3581,21.46153846153846,
219,House Wijde Doelen in Utrecht,3512 XN ,1495,,84.0,3.0,2.0,1.0,False,False,E,https://www.pararius.com/house-for-rent/utrecht/603821fd/wijde-doelen,,Temporary rental,€2990,€4485,,,3512,17.797619047619047,8.0
220,Apartment Merelstraat in Utrecht,3514 CL ,1150,175.0,26.0,2.0,1.0,,False,False,,https://www.pararius.com/apartment-for-rent/utrecht/769db979/merelstraat,,,,,,,3514,44.23076923076923,
221,House Morelstraat in Utrecht,3552 GM ,1495,,55.0,2.0,1.0,,False,True,F,https://www.pararius.com/house-for-rent/utrecht/19342a59/morelstraat,,,,,,,3552,27.181818181818183,9.0
222,Apartment Winklerlaan in Utrecht,3571 KE ,1350,,85.0,3.0,3.0,,True,False,A,https://www.pararius.com/apartment-for-rent/utrecht/56eddceb/winklerlaan,,,,,,,3571,15.882352941176471,4.0
223,Apartment Koningsweg in Utrecht,3582 GH ,1550,,80.0,3.0,2.0,,False,False,D,https://www.pararius.com/apartment-for-rent/utrecht/bfd93471/koningsweg,,Temporary rental,€1550,€4700,2,,3582,19.375,7.0
224,Apartment Londenstraat in Utrecht,3541 CB ,1600,,67.0,3.0,1.0,,False,False,A,https://www.pararius.com/apartment-for-rent/utrecht/31cf2fa5/londenstraat,,,,,,,3541,23.880597014925375,4.0
225,Apartment Aartsbisschop Romerostraat 133 in Utrecht,3573 AE ,1515,,101.0,3.0,2.0,1.0,True,False,C,https://www.pararius.com/apartment-for-rent/utrecht/743d4722/aartsbisschop-romerostraat,,,,,,,3573,15.0,6.0
226,Apartment Schoutenstraat in Utrecht,3512 GB ,1295,,60.0,2.0,1.0,1.0,False,False,,https://www.pararius.com/apartment-for-rent/utrecht/7323072b/schoutenstraat,,,,,,,3512,21.583333333333332,
227,House Jasmijnstraat in Utrecht,3551 SP ,1650,,83.0,6.0,2.0,1.0,False,True,F,https://www.pararius.com/house-for-rent/utrecht/ad88ac23/jasmijnstraat,5.0,,,,,,3551,19.879518072289155,9.0
228,Apartment Oudegracht in Utrecht,3511 AJ ,1100,,50.0,1.0,,1.0,False,False,,https://www.pararius.com/apartment-for-rent/utrecht/3364a017/oudegracht,,,,,,,3511,22.0,
229,Apartment Loeff Berchmakerstraat in Utrecht,3512 TD ,1095,,37.0,2.0,2.0,,True,False,A,https://www.pararius.com/apartment-for-rent/utrecht/8dee882a/loeff-berchmakerstraat,,,,,,,3512,29.594594594594593,4.0
230,Apartment Linnaeusstraat in Utrecht,3553 CE ,1075,200.0,38.0,1.0,,,False,False,,https://www.pararius.com/apartment-for-rent/utrecht/b31afdb1/linnaeusstraat,,,,,,,3553,28.289473684210527,
231,Apartment Bakhuizen van den Brinkstraat in Utrecht,3532 GA ,1150,,35.0,2.0,1.0,1.0,False,True,C,https://www.pararius.com/apartment-for-rent/utrecht/a9b70717/bakhuizen-van-den-brinkstraat,,Unlimited period,€1150,€3450,2,,3532,32.857142857142854,6.0
232,Apartment Eschersingel in Utrecht,3544 ML ,1525,,100.0,3.0,2.0,1.0,False,False,,https://www.pararius.com/apartment-for-rent/utrecht/59c50522/eschersingel,,Unlimited period,€1525,€4575,2,,3544,15.25,
233,Apartment Pal Maleterstraat 11 in Utrecht,3573 PE ,1645,,112.0,4.0,3.0,1.0,True,False,B,https://www.pararius.com/apartment-for-rent/utrecht/14b620f4/pal-maleterstraat,,,,,,,3573,14.6875,5.0
234,Apartment Beneluxlaan 134 in Utrecht,3527 HX ,1395,,75.0,3.0,2.0,1.0,True,False,F,https://www.pararius.com/apartment-for-rent/utrecht/2fd53209/beneluxlaan,,,€2790,,,,3527,18.6,9.0
235,Apartment Aartsbisschop Romerostraat 133 in Utrecht,3573 AE ,1515,,101.0,3.0,2.0,1.0,True,False,C,https://www.pararius.com/apartment-for-rent/utrecht/743d4722/aartsbisschop-romerostraat,,,,,,,3573,15.0,6.0
236,Apartment Pieterskerkhof 23 L in Utrecht,3512 JS ,1750,,63.0,2.0,1.0,1.0,False,False,A+++,https://www.pararius.com/apartment-for-rent/utrecht/70eb0c4b/pieterskerkhof,,In the city centre,1,,,,3512,27.77777777777778,1.0
237,Apartment Auriollaan in Utrecht,3527 ES ,1575,,75.0,4.0,3.0,1.0,True,False,B,https://www.pararius.com/apartment-for-rent/utrecht/44a0c9b1/auriollaan,,"On a quiet road
 in a residential area",1,No,No,Working,3527,21.0,5.0
238,Studio Limapad in Utrecht,3584 SR ,520,,22.0,2.0,1.0,2.0,False,False,,https://www.pararius.com/studio-for-rent/utrecht/48156611/limapad,,,1,,,,3584,23.636363636363637,
239,Apartment Maliestraat 1 5 in Utrecht,3581 SH ,1745,,60.0,2.0,1.0,1.0,False,True,,https://www.pararius.com/apartment-for-rent/utrecht/f97bb17d/maliestraat,,"in a residential area
 Near public transportation",1,,,,3581,29.083333333333332,
240,Apartment Zadelstraat 5 in Utrecht,3511 LR ,1350,,62.0,2.0,1.0,1.0,False,False,F,https://www.pararius.com/apartment-for-rent/utrecht/689f51e3/zadelstraat,,,,,,,3511,21.774193548387096,9.0
241,Apartment Adriaan van Bergenstraat in Utrecht,3554 VE ,1600,,81.0,3.0,2.0,1.0,True,False,A,https://www.pararius.com/apartment-for-rent/utrecht/558fd8b4/adriaan-van-bergenstraat,,,,,,,3554,19.753086419753085,4.0
242,Apartment Linnaeusstraat in Utrecht,3553 CE ,1075,,38.0,1.0,,,False,False,,https://www.pararius.com/apartment-for-rent/utrecht/b31afdb1/linnaeusstraat,,,1,,,,3553,28.289473684210527,
243,Apartment Visschersplein 178 in Utrecht,3511 LX ,1495,,70.0,2.0,1.0,1.0,False,False,A,https://www.pararius.com/apartment-for-rent/utrecht/5010e514/visschersplein,,"In the city centre
 Near public transportation
 Near a school
 Near a shopping centre",1,,,,3511,21.357142857142858,4.0
244,Apartment Van Hoornekade 135 in Utrecht,3554 AT ,1100,,90.0,4.0,2.0,,False,False,,https://www.pararius.com/apartment-for-rent/utrecht/3e92cf4e/van-hoornekade,,,1,,,,3554,12.222222222222221,
245,Apartment Loeff Berchmakerstraat in Utrecht,3512 TD ,1095,,37.0,2.0,2.0,,True,False,A,https://www.pararius.com/apartment-for-rent/utrecht/8dee882a/loeff-berchmakerstraat,,,,,,,3512,29.594594594594593,4.0
246,Apartment Weerdsingel O.Z. in Utrecht,3514 AG ,1500,,75.0,2.0,1.0,1.0,False,False,,https://www.pararius.com/apartment-for-rent/utrecht/c19da239/weerdsingel-o-z,,,,,,,3514,20.0,
247,Apartment Schoutenstraat in Utrecht,3512 GB ,1295,,60.0,2.0,1.0,1.0,False,False,,https://www.pararius.com/apartment-for-rent/utrecht/7323072b/schoutenstraat,,,,,,,3512,21.583333333333332,
248,Apartment Beneluxlaan 134 in Utrecht,3527 HX ,1395,,75.0,3.0,2.0,1.0,True,False,F,https://www.pararius.com/apartment-for-rent/utrecht/2fd53209/beneluxlaan,,,1,,,,3527,18.6,9.0
249,Apartment Hekelsteeg 10 A in Utrecht,3511 AK ,1325,,51.0,2.0,1.0,1.0,False,True,D,https://www.pararius.com/apartment-for-rent/utrecht/cfa3e7bc/hekelsteeg,,In the city centre,1,,,,3511,25.980392156862745,7.0
250,Apartment Twijnstraat in Utrecht,3511 ZL ,1150,,31.0,2.0,1.0,,False,False,,https://www.pararius.com/apartment-for-rent/utrecht/40a9c93d/twijnstraat,,In the city centre,1,,No,,3511,37.096774193548384,
251,Studio Bemuurde Weerd O.Z. 33 in Utrecht,3514 AP ,1500,,55.0,1.0,1.0,1.0,True,True,,https://www.pararius.com/studio-for-rent/utrecht/fc24df83/bemuurde-weerd-o-z,60.0,In the city centre,1,No,No,,3514,27.272727272727273,
252,Apartment Monarchvlinderlaan in Utrecht,3544 DC ,1295,2.0,56.0,3.0,1.0,1.0,False,False,A,https://www.pararius.com/apartment-for-rent/utrecht/7fc58433/monarchvlinderlaan,,,2,No,No,Working,3544,23.125,4.0
253,Apartment Domplein in Utrecht,3512 JC ,975,,22.0,1.0,1.0,,False,False,,https://www.pararius.com/apartment-for-rent/utrecht/3303ef9a/domplein,,,1,,,,3512,44.31818181818182,
254,Apartment Catharijnesingel in Utrecht,3511 GM ,1600,,32.0,2.0,1.0,,False,False,D,https://www.pararius.com/apartment-for-rent/utrecht/e307977c/catharijnesingel,,,1,,,,3511,50.0,7.0
255,Apartment Nieuwegracht in Utrecht,3512 LV ,1350,1.0,45.0,2.0,1.0,1.0,False,False,,https://www.pararius.com/apartment-for-rent/utrecht/a15db453/nieuwegracht,,"By the water
 In the city centre",1,,No,Working,3512,30.0,
256,Apartment Loeff Berchmakerstraat 11 1 in Utrecht,3512 TC ,1050,,35.0,2.0,1.0,1.0,False,False,,https://www.pararius.com/apartment-for-rent/utrecht/6d8a76f8/loeff-berchmakerstraat,,,,,,,3512,30.0,
257,Apartment Van Weerden Poelmanlaan 2 in Utrecht,3527 KN ,1350,,92.0,3.0,2.0,1.0,True,False,G,https://www.pararius.com/apartment-for-rent/utrecht/143bfcc8/van-weerden-poelmanlaan,,,,,,,3527,14.673913043478262,10.0
258,Apartment Pal Maleterstraat 11 in Utrecht,3573 PE ,1645,,112.0,4.0,3.0,1.0,True,False,B,https://www.pararius.com/apartment-for-rent/utrecht/14b620f4/pal-maleterstraat,,,,,,,3573,14.6875,5.0
259,Apartment Wijde Begijnestraat in Utrecht,3512 AW ,1400,2.0,60.0,2.0,1.0,1.0,False,False,,https://www.pararius.com/apartment-for-rent/utrecht/f2a2f833/wijde-begijnestraat,,In the city centre,1,No,No,,3512,23.333333333333332,
260,House Morelstraat in Utrecht,3552 GM ,1495,,55.0,2.0,1.0,,False,True,F,https://www.pararius.com/house-for-rent/utrecht/19342a59/morelstraat,,,,,,,3552,27.181818181818183,9.0
261,Apartment Tafelbergdreef 192 in Utrecht,3564 AG ,1325,,84.0,4.0,3.0,1.0,True,False,F,https://www.pararius.com/apartment-for-rent/utrecht/43bba35a/tafelbergdreef,,,,,,,3564,15.773809523809524,9.0
262,House Carel Willinkstraat in Utrecht,3544 MA ,1650,2.0,80.0,3.0,2.0,,False,True,A,https://www.pararius.com/house-for-rent/utrecht/8353dcca/carel-willinkstraat,,in a residential area,3,No,No,Working,3544,20.625,4.0
263,Apartment Hebe Kohlbruggeweg in Utrecht,3527 MD ,1500,,67.0,2.0,1.0,1.0,False,False,A++,https://www.pararius.com/apartment-for-rent/utrecht/5baa9b49/hebe-kohlbruggeweg,,,1,,,,3527,22.388059701492537,2.0
264,Apartment Pieterskerkhof 23 B in Utrecht,3512 JS ,1675,,66.0,2.0,1.0,1.0,False,False,A++,https://www.pararius.com/apartment-for-rent/utrecht/a6659750/pieterskerkhof,,In the city centre,1,,,,3512,25.37878787878788,2.0
265,Apartment Pal Maleterstraat 57 in Utrecht,3573 PG ,1675,,112.0,4.0,3.0,1.0,True,False,B,https://www.pararius.com/apartment-for-rent/utrecht/3b2e0368/pal-maleterstraat,,,,,,,3573,14.955357142857142,5.0
266,House Korenbloemstraat in Utrecht,3551 GM ,1750,2.0,85.0,4.0,2.0,2.0,False,True,F,https://www.pararius.com/house-for-rent/utrecht/1f1f3263/korenbloemstraat,16.0,"At a park
 in a residential area",2,No,No,Working,3551,20.58823529411765,9.0
267,Apartment Peltlaan in Utrecht,3527 EB ,1300,,72.0,3.0,2.0,1.0,False,False,E,https://www.pararius.com/apartment-for-rent/utrecht/83bcf533/peltlaan,,in a residential area,1,No,No,,3527,18.055555555555557,8.0
268,Apartment Karel Doormanlaan in Utrecht,3572 NA ,1750,,100.0,3.0,2.0,1.0,True,False,E,https://www.pararius.com/apartment-for-rent/utrecht/bec8caaf/karel-doormanlaan,,in a residential area,1,No,No,Working,3572,17.5,8.0
269,Apartment Zambesidreef 139 in Utrecht,3564 CB ,1230,,88.0,3.0,2.0,1.0,True,False,A+,https://www.pararius.com/apartment-for-rent/utrecht/6d03c0f1/zambesidreef,,,,,,,3564,13.977272727272727,3.0
270,House Wijde Doelen in Utrecht,3512 XN ,1495,,84.0,3.0,2.0,1.0,False,False,E,https://www.pararius.com/house-for-rent/utrecht/603821fd/wijde-doelen,,"In the city centre
 in a residential area",2,No,No,Working,3512,17.797619047619047,8.0
271,Apartment Koekoeksplein in Utrecht,3514 TT ,1515,2.0,45.0,3.0,2.0,1.0,False,True,B,https://www.pararius.com/apartment-for-rent/utrecht/b686dd1f/koekoeksplein,10.0,in a residential area,1,No,No,Working,3514,33.666666666666664,5.0
272,Apartment Kromme Nieuwegracht in Utrecht,3512 HC ,1695,,100.0,3.0,2.0,1.0,True,False,,https://www.pararius.com/apartment-for-rent/utrecht/36e48ff9/kromme-nieuwegracht,,"On a waterway
 By the water
 In the city centre",1,No,No,Working,3512,16.95,
273,Studio Oudegracht in Utrecht,3511 AB ,730,1.0,24.0,1.0,1.0,1.0,False,True,,https://www.pararius.com/studio-for-rent/utrecht/26e0fcfb/oudegracht,,In the city centre,1,No,No,Working,3511,30.416666666666668,
274,Apartment Trumanlaan in Utrecht,3527 BM ,1530,,75.0,3.0,2.0,2.0,True,False,B,https://www.pararius.com/apartment-for-rent/utrecht/32db0281/trumanlaan,,in a residential area,1,,,,3527,20.4,5.0
275,Apartment Vleutenseweg in Utrecht,3532 HL ,1650,,47.0,2.0,1.0,,True,True,,https://www.pararius.com/apartment-for-rent/utrecht/f8fe35e2/vleutenseweg,,"In the city centre
 Unobstructed view",,,No,,3532,35.1063829787234,
276,Apartment Nachtegaalstraat in Utrecht,3581 AB ,1395,,65.0,2.0,1.0,1.0,False,False,,https://www.pararius.com/apartment-for-rent/utrecht/0343c454/nachtegaalstraat,,Near public transportation,1,,,,3581,21.46153846153846,
277,Apartment Twellosebeeklaan in Utrecht,3521 DR ,1500,,81.0,3.0,2.0,,False,False,,https://www.pararius.com/apartment-for-rent/utrecht/90eb4902/twellosebeeklaan,,,1,,,,3521,18.51851851851852,
278,Apartment Bemuurde Weerd O.Z. 50 in Utrecht,3514 AS ,1295,,53.0,2.0,1.0,1.0,False,False,D,https://www.pararius.com/apartment-for-rent/utrecht/ce7bd98e/bemuurde-weerd-o-z,,,,,,,3514,24.433962264150942,7.0
279,Apartment Van Sijpesteijnkade in Utrecht,3521 AH ,950,,43.0,2.0,1.0,1.0,False,False,,https://www.pararius.com/apartment-for-rent/utrecht/bb76b004/van-sijpesteijnkade,,,1,,,,3521,22.093023255813954,
280,Apartment Pal Maleterstraat 47 in Utrecht,3573 PG ,1325,,76.0,2.0,1.0,1.0,False,False,A,https://www.pararius.com/apartment-for-rent/utrecht/3b1d1c8e/pal-maleterstraat,,,,,,,3573,17.43421052631579,4.0
281,Apartment Burgemeester Reigerstraat in Utrecht,3581 KW ,1550,2.0,58.0,2.0,1.0,1.0,True,False,,https://www.pararius.com/apartment-for-rent/utrecht/49495a3e/burgemeester-reigerstraat,,In the city centre,1,No,No,Working,3581,26.724137931034484,
282,Apartment Smakkelaarsveld 23 in Utrecht,3511 EA ,1450,,50.0,2.0,1.0,1.0,True,False,C,https://www.pararius.com/apartment-for-rent/utrecht/2f0b764d/smakkelaarsveld,,,1,,,,3511,29.0,6.0
283,Apartment Bakhuizen van den Brinkstraat in Utrecht,3532 GA ,1150,2.0,35.0,2.0,1.0,1.0,False,True,C,https://www.pararius.com/apartment-for-rent/utrecht/a9b70717/bakhuizen-van-den-brinkstraat,,in a residential area,1,No,No,Working,3532,32.857142857142854,6.0
284,House Abstederdijk in Utrecht,3582 BE ,1600,,87.0,4.0,2.0,2.0,False,True,,https://www.pararius.com/house-for-rent/utrecht/405afd42/abstederdijk,45.0,"On a quiet road
 in a residential area",3,,,,3582,18.39080459770115,
285,Apartment Oudegracht in Utrecht,3511 AJ ,1100,,50.0,1.0,,1.0,False,False,,https://www.pararius.com/apartment-for-rent/utrecht/3364a017/oudegracht,,,,,,,3511,22.0,
286,Apartment Pablo Picassostraat in Utrecht,3544 NX ,1295,,88.0,3.0,2.0,,False,False,,https://www.pararius.com/apartment-for-rent/utrecht/e97b0e8d/pablo-picassostraat,,,1,,,,3544,14.715909090909092,
287,House Piet Heinstraat 9 in Utrecht,3582 BX ,1675,,70.0,2.0,1.0,,False,True,C,https://www.pararius.com/house-for-rent/utrecht/bd31e1fb/piet-heinstraat,50.0,"On a quiet road
 in a residential area
 Unobstructed view",2,,,,3582,23.928571428571427,6.0
288,Apartment Gruttersdijk 27 M in Utrecht,3514 BH ,1400,,51.0,2.0,1.0,1.0,False,False,,https://www.pararius.com/apartment-for-rent/utrecht/a03a96cc/gruttersdijk,,,,,,,3514,27.45098039215686,
289,Apartment Jutfaseweg 96 in Utrecht,3522 HH ,700,,20.0,2.0,1.0,1.0,False,False,,https://www.pararius.com/apartment-for-rent/utrecht/32222706/jutfaseweg,,,,,,,3522,35.0,
290,Apartment Eschersingel in Utrecht,3544 ML ,1525,2.0,100.0,3.0,2.0,1.0,False,False,,https://www.pararius.com/apartment-for-rent/utrecht/59c50522/eschersingel,,in a residential area,1,No,No,Working,3544,15.25,
291,Apartment Merelstraat in Utrecht,3514 CL ,1150,,26.0,2.0,1.0,,False,False,,https://www.pararius.com/apartment-for-rent/utrecht/769db979/merelstraat,,,1,,,,3514,44.23076923076923,
292,Apartment Breedstraat in Utrecht,3512 TX ,1400,,48.0,2.0,1.0,,False,False,,https://www.pararius.com/apartment-for-rent/utrecht/ab97c227/breedstraat,,,1,,,,3512,29.166666666666668,
293,Apartment Gruttersdijk 28 H in Utrecht,3514 BH ,1500,,60.0,2.0,1.0,1.0,True,False,,https://www.pararius.com/apartment-for-rent/utrecht/00ff528d/gruttersdijk,,,,,,,3514,25.0,
294,Apartment Wisselstraat in Utrecht,3551 WG ,1600,,47.0,2.0,1.0,,False,False,A,https://www.pararius.com/apartment-for-rent/utrecht/66348f0e/wisselstraat,,,1,,,,3551,34.04255319148936,4.0
295,Apartment Twellosebeeklaan in Utrecht,3521 DR ,1525,,80.0,3.0,2.0,,False,False,,https://www.pararius.com/apartment-for-rent/utrecht/d176be81/twellosebeeklaan,,,1,,,,3521,19.0625,
296,Apartment Londenstraat in Utrecht,3541 CB ,1600,,67.0,3.0,1.0,,False,False,A,https://www.pararius.com/apartment-for-rent/utrecht/31cf2fa5/londenstraat,,In the city centre,1,,,,3541,23.880597014925375,4.0
297,Studio Vleutenseweg in Utrecht,3532 HH ,1295,1.0,20.0,1.0,,,False,False,,https://www.pararius.com/studio-for-rent/utrecht/a02ba2e8/vleutenseweg,,"In the city centre
 in a residential area",1,No,No,,3532,64.75,
298,Studio Berlijnplein in Utrecht,3541 CM ,633,2.0,30.0,1.0,,1.0,False,True,,https://www.pararius.com/studio-for-rent/utrecht/2c891cec/berlijnplein,,in a residential area,1,No,No,Working,3541,21.1,
299,Apartment Kromme Nieuwegracht in Utrecht,3512 HL ,1650,,60.0,2.0,1.0,,False,False,,https://www.pararius.com/apartment-for-rent/utrecht/df2a0d25/kromme-nieuwegracht,,"On a quiet road
 On a waterway
 In the city centre
 Unobstructed view",1,No,No,Working,3512,27.5,
300,House Jasmijnstraat in Utrecht,3551 SP ,1650,,83.0,6.0,2.0,1.0,False,True,F,https://www.pararius.com/house-for-rent/utrecht/ad88ac23/jasmijnstraat,5.0,In the city centre,2,,,,3551,19.879518072289155,9.0
301,House Bollenhofsestraat in Utrecht,3572 VH ,1500,,72.0,3.0,2.0,1.0,False,False,,https://www.pararius.com/house-for-rent/utrecht/49579329/bollenhofsestraat,,"On a quiet road
 in a residential area",3,,,,3572,20.833333333333332,
302,Apartment Winklerlaan in Utrecht,3571 KE ,1350,,85.0,3.0,3.0,,True,False,A,https://www.pararius.com/apartment-for-rent/utrecht/56eddceb/winklerlaan,,,,,,,3571,15.882352941176471,4.0
303,Apartment Obrechtstraat 4 in Utrecht,3572 EE ,1495,,70.0,2.0,1.0,1.0,False,True,B,https://www.pararius.com/apartment-for-rent/utrecht/5bb3b77a/obrechtstraat,,"in a residential area
 Near public transportation",1,,,,3572,21.357142857142858,5.0
304,Apartment Europaplein 859 in Utrecht,3526 WS ,1150,,45.0,2.0,1.0,1.0,False,False,A,https://www.pararius.com/apartment-for-rent/utrecht/432542fa/europaplein,,,,,,,3526,25.555555555555557,4.0
305,House Singelstraat in Utrecht,3513 BM ,1695,,70.0,2.0,1.0,1.0,False,False,D,https://www.pararius.com/house-for-rent/utrecht/96db807c/singelstraat,,,,,,,3513,24.214285714285715,7.0
306,Apartment Koningslaan in Utrecht,3583 GB ,1250,,50.0,2.0,1.0,1.0,False,False,,https://www.pararius.com/apartment-for-rent/utrecht/aef46284/koningslaan,,,,,,,3583,25.0,
307,Apartment Bloemstraat in Utrecht,3581 WE ,1295,,45.0,2.0,1.0,1.0,False,True,D,https://www.pararius.com/apartment-for-rent/utrecht/dff215e0/bloemstraat,12.0,,,,,,3581,28.77777777777778,7.0
308,Apartment 2e Spechtstraat in Utrecht,3514 TW ,1625,,110.0,3.0,2.0,1.0,True,True,,https://www.pararius.com/apartment-for-rent/utrecht/a17fb00d/2e-spechtstraat,12.0,"On a quiet road
 In the city centre",2,,,,3514,14.772727272727273,
309,Appartement Nieuwegracht in Utrecht,3512 LV ,1350,,45.0,2.0,1.0,1.0,False,False,,https://www.huurwoningen.nl/huren/utrecht/1320085/nieuwegracht/,,,,,,,3512,30.0,
310,Appartement Eschersingel in Utrecht,3544 ML ,1525,,100.0,3.0,2.0,1.0,False,False,,https://www.huurwoningen.nl/huren/utrecht/1320348/eschersingel/,,,,,,,3544,15.25,
311,Appartement Rubicondreef in Utrecht,3561 JH ,1450,63.0,80.0,4.0,,,True,False,,https://www.huurwoningen.nl/huren/utrecht/1316982/rubicondreef/,,,,,,Minimaal 12 maanden,3561,18.125,
312,Appartement Oudegracht in Utrecht,3511 AJ ,1100,,50.0,,,,False,False,,https://www.huurwoningen.nl/huren/utrecht/1317983/oudegracht/,,,,,,,3511,22.0,
313,Appartement Faustdreef in Utrecht,3561 LP ,1450,63.0,80.0,4.0,,,True,False,,https://www.huurwoningen.nl/huren/utrecht/1309070/faustdreef/,,,,,,Minimaal 12 maanden,3561,18.125,
314,Appartement Jutfaseweg in Utrecht,3522 HH ,700,,20.0,2.0,,1.0,False,False,,https://www.huurwoningen.nl/huren/utrecht/1318123/jutfaseweg/,,,,,,,3522,35.0,
315,Appartement Grifthoek in Utrecht,3514 JJ ,1360,50.0,60.0,1.0,1.0,1.0,False,False,,https://www.huurwoningen.nl/huren/utrecht/1317000/grifthoek/,,,,,,,3514,22.666666666666668,
316,Appartement Faustdreef in Utrecht,3561 LD ,1450,63.0,80.0,4.0,,,True,False,,https://www.huurwoningen.nl/huren/utrecht/1319924/faustdreef/,,,,,,Minimaal 12 maanden,3561,18.125,
317,Appartement Loeff Berchmakerstraat in Utrecht,3512 TD ,1095,,37.0,2.0,,,True,False,,https://www.huurwoningen.nl/huren/utrecht/1319452/loeff-berchmakerstraat/,,,,,,,3512,29.594594594594593,
318,Appartement Van Marumstraat in Utrecht,3514 HR ,1550,,70.0,3.0,2.0,1.0,False,True,,https://www.huurwoningen.nl/huren/utrecht/1319362/van-marumstraat/,,,,,,,3514,22.142857142857142,
319,Huis Morelstraat in Utrecht,3552 GM ,1495,,55.0,1.0,,,False,True,,https://www.huurwoningen.nl/huren/utrecht/1317588/morelstraat/,,,,,,,3552,27.181818181818183,
320,Appartement Hekelsteeg in Utrecht,3511 AK ,1325,,51.0,2.0,1.0,1.0,False,True,,https://www.huurwoningen.nl/huren/utrecht/1320065/hekelsteeg/,,,,,,,3511,25.980392156862745,
321,Appartement Auriollaan in Utrecht,3527 EV ,1450,45.0,76.0,3.0,,,True,False,,https://www.huurwoningen.nl/huren/utrecht/1316983/auriollaan/,,,,,,Minimaal 12 maanden,3527,19.07894736842105,
322,Appartement Faustdreef in Utrecht,3561 LN ,1395,63.0,80.0,4.0,,,True,False,,https://www.huurwoningen.nl/huren/utrecht/1293404/faustdreef/,,,,,,Minimaal 12 maanden,3561,17.4375,
323,Studio Vleutenseweg in Utrecht,3532 HH ,1295,,20.0,1.0,,0.0,False,False,,https://www.huurwoningen.nl/huren/utrecht/1319471/vleutenseweg/,,,,,,,3532,64.75,
324,Appartement Maria van Reedestraat in Utrecht,3515 XJ ,1650,,75.0,8.0,3.0,0.0,False,False,,https://www.huurwoningen.nl/huren/utrecht/1319560/maria-van-reedestraat/,,,,,,,3515,22.0,
325,Appartement Monnetlaan in Utrecht,3527 GN ,1450,45.0,76.0,3.0,,,True,False,,https://www.huurwoningen.nl/huren/utrecht/1315825/monnetlaan/,,,,,,Minimaal 12 maanden,3527,19.07894736842105,
326,Appartement Kromme Nieuwegracht in Utrecht,3512 HC ,1695,,100.0,3.0,2.0,1.0,True,False,,https://www.huurwoningen.nl/huren/utrecht/1318920/kromme-nieuwegracht/,,,,,,,3512,16.95,
327,Appartement Faustdreef in Utrecht,3561 LD ,1450,63.0,80.0,4.0,,,True,False,,https://www.huurwoningen.nl/huren/utrecht/1308686/faustdreef/,,,,,,Minimaal 12 maanden,3561,18.125,
328,Appartement Peltlaan in Utrecht,3527 EB ,1300,,72.0,3.0,2.0,1.0,False,False,,https://www.huurwoningen.nl/huren/utrecht/1319409/peltlaan/,,,,,,,3527,18.055555555555557,
329,Appartement Trumanlaan in Utrecht,3527 BN ,1530,,75.0,3.0,2.0,2.0,True,False,,https://www.huurwoningen.nl/huren/utrecht/1311204/trumanlaan/,,,,,,,3527,20.4,
330,Appartement Faustdreef in Utrecht,3561 LC ,1450,63.0,80.0,4.0,,,True,False,,https://www.huurwoningen.nl/huren/utrecht/1303666/faustdreef/,,,,,,Minimaal 12 maanden,3561,18.125,
331,Appartement Karel Doormanlaan in Utrecht,3572 NA ,1750,,100.0,3.0,2.0,1.0,True,False,,https://www.huurwoningen.nl/huren/utrecht/1319875/karel-doormanlaan/,,,,,,,3572,17.5,
332,Appartement Marshalllaan in Utrecht,3527 TJ ,725,45.0,41.0,2.0,,,True,False,,https://www.huurwoningen.nl/huren/utrecht/1316135/marshalllaan/,,,,,,Minimaal 12 maanden,3527,17.682926829268293,
333,Appartement Staalstraat in Utrecht,3572 RK ,1275,,65.0,3.0,1.0,1.0,False,True,,https://www.huurwoningen.nl/huren/utrecht/1316749/staalstraat/,,,,,,,3572,19.615384615384617,
334,Appartement Weerdsingel O.Z. in Utrecht,3514 AG ,1500,,75.0,2.0,1.0,,False,False,,https://www.huurwoningen.nl/huren/utrecht/1320429/weerdsingel-o-z/,,,€ 1800,,,,3514,20.0,
335,Appartement Van Hoornekade in Utrecht,3554 AT ,1100,,90.0,4.0,2.0,0.0,False,False,,https://www.huurwoningen.nl/huren/utrecht/1320362/van-hoornekade/,,,,,,,3554,12.222222222222221,
336,Appartement Marshalllaan in Utrecht,3527 TW ,1325,45.0,78.0,4.0,,,False,True,,https://www.huurwoningen.nl/huren/utrecht/1311190/marshalllaan/,30.0,,,,,Minimaal 12 maanden,3527,16.987179487179485,
337,Appartement 2e Spechtstraat in Utrecht,3514 TW ,1625,,110.0,3.0,2.0,1.0,True,True,,https://www.huurwoningen.nl/huren/utrecht/1319852/2e-spechtstraat/,12.0,,,,,,3514,14.772727272727273,
338,Appartement Burgemeester van Tuyllkade in Utrecht,3553 AM ,1200,,60.0,2.0,1.0,1.0,False,True,,https://www.huurwoningen.nl/huren/utrecht/1318915/burgemeester-van-tuyllkade/,,,,,,,3553,20.0,
339,Appartement Vleutenseweg in Utrecht,3532 HL ,1650,,47.0,2.0,1.0,1.0,True,True,,https://www.huurwoningen.nl/huren/utrecht/1319692/vleutenseweg/,,,,,,,3532,35.1063829787234,
340,Appartement Tannhäuserdreef in Utrecht,3561 HL ,1450,63.0,80.0,4.0,,,True,False,,https://www.huurwoningen.nl/huren/utrecht/1300225/tannhaeuserdreef/,,,,,,Minimaal 12 maanden,3561,18.125,
341,Appartement Bakhuizen van den Brinkstraat in Utrecht,3532 GA ,1150,,35.0,2.0,1.0,1.0,False,True,,https://www.huurwoningen.nl/huren/utrecht/1320405/bakhuizen-van-den-brinkstraat/,,,,,,,3532,32.857142857142854,
342,Appartement Kanaalweg in Utrecht,3533 HH ,1095,55.0,38.0,2.0,1.0,1.0,False,False,,https://www.huurwoningen.nl/huren/utrecht/1317793/kanaalweg/,,,,,,,3533,28.81578947368421,
343,Appartement Wijde Begijnestraat in Utrecht,3512 AW ,1400,,60.0,2.0,1.0,1.0,False,False,,https://www.huurwoningen.nl/huren/utrecht/1318446/wijde-begijnestraat/,,,,,,,3512,23.333333333333332,
344,Appartement 2e Atjehstraat in Utrecht,3531 SR ,1495,,60.0,2.0,1.0,0.0,False,True,,https://www.huurwoningen.nl/huren/utrecht/1320500/2e-atjehstraat/,9.0,,,,,,3531,24.916666666666668,
345,Appartement Nachtegaalstraat in Utrecht,3581 AB ,1395,,65.0,2.0,1.0,1.0,False,False,,https://www.huurwoningen.nl/huren/utrecht/1319584/nachtegaalstraat/,,,,,,,3581,21.46153846153846,
346,Appartement Faustdreef in Utrecht,3561 LR ,1450,63.0,80.0,4.0,,,True,False,,https://www.huurwoningen.nl/huren/utrecht/1316397/faustdreef/,,,,,,Minimaal 12 maanden,3561,18.125,
347,Appartement Faustdreef in Utrecht,3561 LP ,1450,63.0,80.0,4.0,,,True,False,,https://www.huurwoningen.nl/huren/utrecht/1302915/faustdreef/,,,,,,Minimaal 12 maanden,3561,18.125,
348,Huis Piet Heinstraat in Utrecht,3582 BX ,1675,,70.0,2.0,1.0,0.0,False,True,,https://www.huurwoningen.nl/huren/utrecht/1318951/piet-heinstraat/,50.0,,,,,,3582,23.928571428571427,
349,Appartement Grifthoek in Utrecht,3514 JJ ,1569,55.0,80.0,3.0,2.0,1.0,False,False,,https://www.huurwoningen.nl/huren/utrecht/1319857/grifthoek/,,,,,,,3514,19.6125,
350,Appartement Smakkelaarsveld in Utrecht,3511 EA ,1450,,50.0,2.0,1.0,1.0,True,False,,https://www.huurwoningen.nl/huren/utrecht/1319700/smakkelaarsveld/,,,,,,,3511,29.0,
351,Appartement Schoutenstraat in Utrecht,3512 GB ,1295,,60.0,2.0,1.0,1.0,False,False,,https://www.huurwoningen.nl/huren/utrecht/1318939/schoutenstraat/,,,,,,,3512,21.583333333333332,
352,Appartement Merelstraat in Utrecht,3514 CL ,1150,175.0,26.0,2.0,1.0,0.0,True,False,,https://www.huurwoningen.nl/huren/utrecht/1319927/merelstraat/,,,,,,,3514,44.23076923076923,
353,Appartement Marshalllaan in Utrecht,3527 TV ,1450,45.0,78.0,3.0,,,True,False,,https://www.huurwoningen.nl/huren/utrecht/1316551/marshalllaan/,,,,,,Minimaal 12 maanden,3527,18.58974358974359,
354,Huis Korenbloemstraat in Utrecht,3551 GM ,1750,,85.0,4.0,2.0,2.0,False,True,,https://www.huurwoningen.nl/huren/utrecht/1320406/korenbloemstraat/,,,,,,,3551,20.58823529411765,
355,Appartement Loeff Berchmakerstraat in Utrecht,3512 TC ,1050,,35.0,2.0,,1.0,False,False,,https://www.huurwoningen.nl/huren/utrecht/1318124/loeff-berchmakerstraat/,,,,,,,3512,30.0,
356,Appartement Faustdreef in Utrecht,3561 LK ,1450,63.0,80.0,4.0,,,True,False,,https://www.huurwoningen.nl/huren/utrecht/1302923/faustdreef/,,,,,,Minimaal 12 maanden,3561,18.125,
357,Appartement Marshalllaan in Utrecht,3527 TV ,1395,45.0,78.0,3.0,,,True,False,,https://www.huurwoningen.nl/huren/utrecht/1306144/marshalllaan/,,,,,,Minimaal 12 maanden,3527,17.884615384615383,
358,Appartement Marshalllaan in Utrecht,3527 TW ,925,45.0,41.0,2.0,,,True,False,,https://www.huurwoningen.nl/huren/utrecht/1305939/marshalllaan/,,,,,,Minimaal 12 maanden,3527,22.5609756097561,
359,Huis Wijde Doelen in Utrecht,3512 XN ,1495,,84.0,3.0,2.0,1.0,False,False,,https://www.huurwoningen.nl/huren/utrecht/1319641/wijde-doelen/,,,,,,,3512,17.797619047619047,
360,Appartement Marshalllaan in Utrecht,3527 TW ,1450,45.0,78.0,3.0,,,True,False,,https://www.huurwoningen.nl/huren/utrecht/1316502/marshalllaan/,,,,,,Minimaal 12 maanden,3527,18.58974358974359,
361,Appartement Catharijnesingel in Utrecht,3511 GM ,1600,250.0,32.0,2.0,1.0,0.0,False,False,,https://www.huurwoningen.nl/huren/utrecht/1316479/catharijnesingel/,,,,,,,3511,50.0,
362,Appartement Marshalllaan in Utrecht,3527 TJ ,1395,45.0,78.0,3.0,,,True,False,,https://www.huurwoningen.nl/huren/utrecht/1306646/marshalllaan/,,,,,,Minimaal 12 maanden,3527,17.884615384615383,
363,Appartement Tannhäuserdreef in Utrecht,3561 HS ,1450,63.0,80.0,4.0,,,True,False,,https://www.huurwoningen.nl/huren/utrecht/1298335/tannhaeuserdreef/,,,,,,Minimaal 12 maanden,3561,18.125,
364,Appartement Faustdreef in Utrecht,3561 LC ,1450,63.0,80.0,4.0,,,True,False,,https://www.huurwoningen.nl/huren/utrecht/1307263/faustdreef/,,,,,,Minimaal 12 maanden,3561,18.125,
365,Appartement Monnetlaan in Utrecht,3527 GN ,1350,45.0,57.0,3.0,,,False,True,,https://www.huurwoningen.nl/huren/utrecht/1315000/monnetlaan/,30.0,,,,,Minimaal 12 maanden,3527,23.68421052631579,
366,Appartement Marshalllaan in Utrecht,3527 TH ,1450,45.0,78.0,3.0,,,True,False,,https://www.huurwoningen.nl/huren/utrecht/1311397/marshalllaan/,,,,,,Minimaal 12 maanden,3527,18.58974358974359,
367,Appartement Breedstraat in Utrecht,3512 TX ,1400,,48.0,2.0,1.0,0.0,False,False,,https://www.huurwoningen.nl/huren/utrecht/1317560/breedstraat/,,,,,,,3512,29.166666666666668,
368,Appartement Faustdreef in Utrecht,3561 LR ,1395,63.0,80.0,4.0,,,True,False,,https://www.huurwoningen.nl/huren/utrecht/1287249/faustdreef/,,,,,,Minimaal 12 maanden,3561,17.4375,
369,Appartement Tannhäuserdreef in Utrecht,3561 HK ,1450,63.0,80.0,4.0,,,True,False,,https://www.huurwoningen.nl/huren/utrecht/1290023/tannhaeuserdreef/,,,,,,Minimaal 12 maanden,3561,18.125,
370,Appartement Tannhäuserdreef in Utrecht,3561 HL ,1450,63.0,80.0,4.0,,,True,False,,https://www.huurwoningen.nl/huren/utrecht/1311189/tannhaeuserdreef/,,,,,,Minimaal 12 maanden,3561,18.125,
371,Appartement Borneostraat in Utrecht,3531 PH ,1300,,60.0,2.0,,,False,False,,https://www.huurwoningen.nl/huren/utrecht/1302439/borneostraat/,,,,,,,3531,21.666666666666668,
372,Appartement Van Sijpesteijnkade in Utrecht,3521 AH ,950,,43.0,2.0,1.0,0.0,False,False,,https://www.huurwoningen.nl/huren/utrecht/1302111/van-sijpesteijnkade/,,,,,,,3521,22.093023255813954,
373,Studio Limapad 2-802,3584SR,520,,22.0,2.0,1.0,2.0,False,False,,https://www.huurstunt.nl/studio/huren/utrecht/limapad-2-802/46252945,,,,,,,3584,23.636363636363637,
374,Appartement Henriëtte Roland Holststraat,3511MT,1595,,70.0,3.0,2.0,0.0,False,False,B,https://www.huurstunt.nl/appartement/huren/utrecht/henriette-roland-holststraat/46282574,,,1.595,,,,3511,22.785714285714285,5.0
375,Appartement Rapenburchdreef,3562HA,1000,,55.0,3.0,,1.0,False,False,,https://www.huurstunt.nl/appartement/huren/utrecht/rapenburchdreef/46283427,,,,,,,3562,18.181818181818183,
376,Studio Vleutenseweg,3532HH,1295,,20.0,1.0,0.0,0.0,False,False,,https://www.huurstunt.nl/studio/huren/utrecht/vleutenseweg/46284306,,,2.59,,,,3532,64.75,
377,Appartement Merelstraat,3514CL,1150,175.0,26.0,2.0,1.0,0.0,False,False,,https://www.huurstunt.nl/appartement/huren/utrecht/merelstraat/46285192,,,,,,,3514,44.23076923076923,
378,Appartement Hebe Kohlbruggeweg,3527MD,1500,0.0,67.0,2.0,1.0,1.0,False,False,A++,https://www.huurstunt.nl/appartement/huren/utrecht/hebe-kohlbruggeweg/46284924,,,3000.0,,,,3527,22.388059701492537,2.0
379,Appartement Schoutenstraat,3512GB,1295,,60.0,2.0,1.0,1.0,False,False,,https://www.huurstunt.nl/appartement/huren/utrecht/schoutenstraat/46283520,,,,,,,3512,21.583333333333332,
380,Kamer Oudegracht,3511AB,730,315.0,24.0,1.0,1.0,1.0,False,False,,https://www.huurstunt.nl/kamer/huren/utrecht/oudegracht/46285644,,,1500.0,,,,3511,30.416666666666668,
381,Appartement Smakkelaarsveld,3511EA,1450,,50.0,2.0,1.0,1.0,True,False,C,https://www.huurstunt.nl/appartement/huren/utrecht/smakkelaarsveld/46284647,,,1450.0,,,,3511,29.0,6.0
382,Huurwoning 2E Spechtstraat,3514TW,1625,0.0,110.0,3.0,2.0,1.0,True,True,,https://www.huurstunt.nl/huurwoning/huren/utrecht/2e-spechtstraat/46284970,,,1625.0,,,,3514,14.772727272727273,
383,Appartement Trumanlaan,3527BM,1530,,75.0,3.0,2.0,2.0,True,False,B,https://www.huurstunt.nl/appartement/huren/utrecht/trumanlaan/46270588,,,2.0,,,,3527,20.4,5.0
384,Appartement Obrechtstraat,3572EE,1495,,70.0,2.0,1.0,1.0,False,True,B,https://www.huurstunt.nl/appartement/huren/utrecht/obrechtstraat/46283512,gelegen op het zuidoosten),,2.99,,,,3572,21.357142857142858,5.0
385,Bedrijfsruimte Spoordijk,3534BD,270,,30.0,,0.0,,False,False,,https://www.huurstunt.nl/bedrijfsruimte/huren/utrecht/spoordijk/46273644,,,,,,,3534,9.0,
386,Appartement Hekelsteeg,3511AK,1325,,51.0,2.0,1.0,1.0,False,True,D,https://www.huurstunt.nl/appartement/huren/utrecht/hekelsteeg/46285436,,,1350.0,,,,3511,25.980392156862745,7.0
387,Huurwoning Piet Heinstraat,3582BX,1675,,70.0,2.0,1.0,0.0,False,True,C,https://www.huurstunt.nl/huurwoning/huren/utrecht/piet-heinstraat/46279161,,,1.675,,,,3582,23.928571428571427,6.0
388,Appartement Nachtegaalstraat,3581AK,1050,,38.0,2.0,,1.0,False,False,,https://www.huurstunt.nl/appartement/huren/utrecht/nachtegaalstraat/46271068,,,,,,,3581,27.63157894736842,
389,Garage Annastraat,3512GR,199,,7.0,1.0,0.0,,False,False,,https://www.huurstunt.nl/garage/huren/utrecht/annastraat/46218657,,,,,,,3512,28.428571428571427,
390,Huurwoning Monarchvlinderlaan,3544DC,1295,,56.0,3.0,1.0,1.0,False,False,A,https://www.huurstunt.nl/huurwoning/huren/utrecht/monarchvlinderlaan/46280914,,,2590.0,,,,3544,23.125,4.0
391,Appartement Peltlaan,3527EB,1300,,72.0,3.0,2.0,1.0,False,False,E,https://www.huurstunt.nl/appartement/huren/utrecht/peltlaan/46280915,,,3500.0,,,,3527,18.055555555555557,8.0
392,Appartement Weerdsingel Oostzijde,3514AG,1500,,75.0,2.0,1.0,1.0,False,False,,https://www.huurstunt.nl/appartement/huren/utrecht/weerdsingel-oostzijde/46286016,,,1.8,,,,3514,20.0,
393,Appartement Wijde Begijnestraat,3512AW,1400,,60.0,2.0,1.0,1.0,False,False,,https://www.huurstunt.nl/appartement/huren/utrecht/wijde-begijnestraat/46282811,,,2.8,,,,3512,23.333333333333332,
394,Appartement Twijnstraat,3511ZH,1050,,36.0,2.0,,1.0,False,False,,https://www.huurstunt.nl/appartement/huren/utrecht/twijnstraat/46265769,,,,,,,3511,29.166666666666668,
395,Kamer Nachtegaalstraat,3581AN,400,,11.0,1.0,,0.0,False,False,,https://www.huurstunt.nl/kamer/huren/utrecht/nachtegaalstraat/46280879,,,,,,,3581,36.36363636363637,
396,Appartement Maliestraat,3581SH,1745,150.0,60.0,2.0,1.0,1.0,False,False,,https://www.huurstunt.nl/appartement/huren/utrecht/maliestraat/46284126,,,3.49,,,,3581,29.083333333333332,
397,Appartement Beneluxlaan,3527HX,1395,,75.0,3.0,2.0,1.0,True,False,F,https://www.huurstunt.nl/appartement/huren/utrecht/beneluxlaan/46283045,,,2.79,,,,3527,18.6,9.0
398,Appartement Vleutenseweg,3532HL,1650,,47.0,2.0,1.0,1.0,True,False,,https://www.huurstunt.nl/appartement/huren/utrecht/vleutenseweg/46284672,,,1.65,,,,3532,35.1063829787234,
399,Appartement Rhodosdreef,3562TL,1495,,82.0,3.0,2.0,1.0,True,False,,https://www.huurstunt.nl/appartement/huren/utrecht/rhodosdreef/46282233,,,,,,,3562,18.23170731707317,
400,Studio Ridderschapstraat,3512CN,1250,,41.0,1.0,1.0,1.0,True,False,,https://www.huurstunt.nl/studio/huren/utrecht/ridderschapstraat/46277976,,,,,,,3512,30.48780487804878,
401,Huurwoning Morelstraat,3552GM,1495,,55.0,2.0,1.0,,False,False,F,https://www.huurstunt.nl/huurwoning/huren/utrecht/morelstraat/46281396,,,,,,,3552,27.181818181818183,9.0
402,Kamer St. Janshovenstraat,3572RA,400,,11.0,1.0,,,False,False,,https://www.huurstunt.nl/kamer/huren/utrecht/st-janshovenstraat/46284478,,,,,,,3572,36.36363636363637,
403,Appartement Van Eysingalaan,3527VV,1135,,65.0,4.0,3.0,1.0,True,False,,https://www.huurstunt.nl/appartement/huren/utrecht/van-eysingalaan/46274157,,,,,,,3527,17.46153846153846,
404,Garage Ina Boudier-Bakkerlaan,3582VA,140,,15.0,1.0,0.0,0.0,False,False,,https://www.huurstunt.nl/garage/huren/utrecht/ina-boudier-bakkerlaan/46052731,,,,,,,3582,9.333333333333334,
405,Appartement Nachtegaalstraat,3581AB,1395,,65.0,2.0,1.0,1.0,False,False,,https://www.huurstunt.nl/appartement/huren/utrecht/nachtegaalstraat/46284489,,,3290.0,,,,3581,21.46153846153846,
406,Studio Europaplein,3526WP,1100,,29.0,1.0,0.0,1.0,False,False,,https://www.huurstunt.nl/studio/huren/utrecht/europaplein/46283821,,,,,,,3526,37.93103448275862,
407,Studio Berlijnplein,3541CM,633,327.0,30.0,1.0,0.0,1.0,False,False,,https://www.huurstunt.nl/studio/huren/utrecht/berlijnplein/46275346,,,1.5,,,,3541,21.1,
408,Appartement Billitonkade,3531TL,1265,,40.0,2.0,1.0,,False,False,,https://www.huurstunt.nl/appartement/huren/utrecht/billitonkade/46189717,,,,,,,3531,31.625,
409,Appartement Nieuwegracht,3512LS,1300,,44.0,2.0,1.0,,False,False,A,https://www.huurstunt.nl/appartement/huren/utrecht/nieuwegracht/46211525,,,1.3,,,,3512,29.545454545454547,4.0
410,Appartement Catharijnesingel,3511GM,1600,250.0,32.0,2.0,1.0,0.0,False,False,D,https://www.huurstunt.nl/appartement/huren/utrecht/catharijnesingel/46279713,,,3.7,,,,3511,50.0,7.0
411,Appartement Jansveld,3512BH,1000,,45.0,2.0,,1.0,False,False,,https://www.huurstunt.nl/appartement/huren/utrecht/jansveld/46264039,,,,,,,3512,22.22222222222222,
412,Appartement Oudegracht,3511AJ,1100,,50.0,1.0,0.0,1.0,False,False,,https://www.huurstunt.nl/appartement/huren/utrecht/oudegracht/46281995,,,,,,,3511,22.0,
