,address,postcode,Laatst bekende huurprijs:,Type woonruimte:,Opleveringsniveau:,Bouwjaar:,Straat:,Postcode:,Ligging:,Wijk:,Stad:,Provincie:,Aantal keer bewaard:,Aantal reacties:,Aantal kamers:,Aantal slaapkamers:,Aantal badkamers:,Woning oppervlakte:,Beschikbaar per:,Woning actief sinds:,Verhuurder actief sinds:,Garantie:,Woningkenmerk:,Soort woning:,Huurprijs:,Buurt:,Schuur/Berging:,Aantal woonlagen:,Soort bouw:,url,Opslag:,Parkeerplaats:,Prijstype:,Warm water:,Verwarming:,Isolatie:,Energielabel:,Voorzieningen:,Gelegen op woonlaag:,Inhoud:,Externe bergruimte:,Gebouwgebonden buitenruimte:,Huurovereenkomst:,Waarborgsom:,Lift:,Kabel TV:,In een woonwijk:,Ligging in het centrum:,Langs een rustige weg:,Onderhoudsstaat:,Huurprijs all-in:,Inclusief:,Aantal personen:,Huisdieren toegestaan:,Roken toegestaan:,Exclusief:,Servicekosten:,Totale oppervlakte:,Permanente bewoning:,Keuken:,Tuin:,Toilet:,Doelgroep:,Bijzonderheden:,Balkon:,Douche:,Tuinbeschrijving:,Bad:,Perceeloppervlakte:,Soort parkeergelegenheid:,Mechanische ventilatie:,Nabij het openbaar vervoer:,Ligging tuin:,Achtertuin:,Cv-ketel:,Soort dak:,Vrij uitzicht:,Verdiepingen:,Onderhoud buiten:,Gesproken talen:,Status:,Leeftijd huurder:,Geslacht:,Geschikt voor:,Huisdieren:,Internetverbinding:,Badkamer:,Woonkamer:,Huisgenoten:,Prijs inclusief/exclusief gas/water/licht:,Beschikbaar tot:,Inkomenseis:,Voorlopig energielabel:,utrecht,region,rental_price,service_costs,living_area,rooms,bedrooms,bathrooms,energielabel,Maximum number of residents,balcony,Garden,garden_size,garden,Deposit
0,Studio Limapad 2-802,3584SR,€ 520,Studio,Gemeubileerd,2020,Limapad 2-802,3584SR,Oost,Utrecht Science Park,Utrecht,Utrecht,60.0,281.0,2,1.0,2.0,22 m2,08-06-2020,24-06-2022,04-02-2022,Ondanks strenge controles kan Huurstunt de beschikbaarheid van de woning bij de verhuurder of diens makelaar nooit 100% garanderen,d3f3d83e-fc07-4c3b-9837-39342ecec4d4,studio,exclusief,Utrecht Science Park,Niet aanwezig,1,Bestaande bouw,https://www.huurstunt.nl/studio/huren/utrecht/limapad-2-802/46252945,,,,,,,,,,,,,,,,,,,,,,,,,,,,,,,,,,,,,,,,,,,,,,,,,,,,,,,,,,,,,,,,"
Utrecht

/

Utrecht",Utrecht Science Park,520,,22,2,1.0,2.0,,,False,,,False,
1,Appartement Henriëtte Roland Holststraat,3511MT,€ 1.595,Appartement,Kaal,1997,Henriëtte Roland Holststraat,3511MT,"Aan rustige weg, in centrum en in woonwijk",Hooch Boulandt,Utrecht,Utrecht,2.0,1.0,3,2.0,0.0,70 m2,10-10-2022,10-10-2022,18-04-2019,Ondanks strenge controles kan Huurstunt de beschikbaarheid van de woning bij de verhuurder of diens makelaar nooit 100% garanderen,77445abc-56c7-45d4-acdc-c972ccc24a2a,,,"Basisschool, Supermarkt, Bushalte",Box,1 woonlaag,Bestaande bouw,https://www.huurstunt.nl/appartement/huren/utrecht/henriette-roland-holststraat/46282574,,,geen servicekosten,Stadsverwarming,Stadsverwarming,Volledig geïsoleerd,B,Lift en TV kabel,4e woonlaag,219 m³,5 m²,5 m²,Onbepaalde tijd,€ 1.595 eenmalig,,,,,,Goed,,,,,,,,,,,,,,,,,,,,,,,,,,,,,,,,,,,,,,,,,,,,"
Utrecht

/

Utrecht",Hooch Boulandt,1595,,70,3,2.0,0.0,B,,False,,,False,1.595
2,Appartement Rapenburchdreef,3562HA,€ 1.000,Appartement,,,Rapenburchdreef,3562HA,Overvecht,Neckardreef en omgeving,Utrecht,Utrecht,5.0,14.0,3,,1.0,55 m2,30-11-2022,13-10-2022,18-04-2019,Ondanks strenge controles kan Huurstunt de beschikbaarheid van de woning bij de verhuurder of diens makelaar nooit 100% garanderen,ffefb653-9716-43ef-94e2-f4abc388c228,,,,,,,https://www.huurstunt.nl/appartement/huren/utrecht/rapenburchdreef/46283427,,,,,,,,,,,,,,Tweemaal de maandhuur,,,,,,,"€ 1.100,00 per maand",,,,,,,,,,,,,,,,,,,,,,,,,,,,,,,,,,,,,,,,,,,"
Utrecht

/

Utrecht",Neckardreef en omgeving,1000,,55,3,,1.0,,,False,,,False,
3,Studio Vleutenseweg,3532HH,€ 1.295,Studio,Gemeubileerd,,Vleutenseweg,3532HH,West,"Nieuw Engeland, Th. a. Kempisplantsoen en omgeving",Utrecht,Utrecht,,3.0,1,0.0,0.0,20 m2,19-10-2022,17-10-2022,18-04-2019,Ondanks strenge controles kan Huurstunt de beschikbaarheid van de woning bij de verhuurder of diens makelaar nooit 100% garanderen,80949900-3f9a-4bd1-a053-fce9f42089a3,studio,inclusief,"Nieuw Engeland, Th. a. Kempisplantsoen en omgeving",Niet aanwezig,1,Bestaande bouw,https://www.huurstunt.nl/studio/huren/utrecht/vleutenseweg/46284306,,,,,,,,,,,,,,€ 2.590,,,,,,,,"Elektra, Gas, Internet, Servicekosten, Water",1.0,Nee,Nee,,,,,,,,,,,,,,,,,,,,,,,,,,,,,,,,,,,,,,,"
Utrecht

/

Utrecht","Nieuw Engeland, Th. a. Kempisplantsoen en omgeving",1295,,20,1,0.0,0.0,,1.0,False,,,False,2.590
4,Appartement Merelstraat,3514CL,€ 1.150,Appartement,Gemeubileerd,1915,Merelstraat,3514CL,Noordoost,Vogelenbuurt,Utrecht,Utrecht,,1.0,2,1.0,0.0,26 m2,01-11-2022,19-10-2022,01-08-2019,Ondanks strenge controles kan Huurstunt de beschikbaarheid van de woning bij de verhuurder of diens makelaar nooit 100% garanderen,97df4164-b3b1-4f2c-990f-f67b91d01f93,,,Vogelenbuurt,,1,Bestaande bouw,https://www.huurstunt.nl/appartement/huren/utrecht/merelstraat/46285192,,,,,,,,,,95 m³,,,Onbepaalde tijd,,,,,,,Goed,,,,,,Servicekosten,€ 175,,,,,,,,,,,,,,,,,,,,,,,,,,,,,,,,,,,,,"
Utrecht

/

Utrecht",Vogelenbuurt,1150,175,26,2,1.0,0.0,,,False,,,False,
5,Appartement Hebe Kohlbruggeweg,3527MD,€ 1.500,Appartement,Gestoffeerd,2022,Hebe Kohlbruggeweg,3527MD,Zuidwest,Transwijk-Noord,Utrecht,Utrecht,,,2,1.0,1.0,67 m2,19-10-2022,19-10-2022,18-04-2019,Ondanks strenge controles kan Huurstunt de beschikbaarheid van de woning bij de verhuurder of diens makelaar nooit 100% garanderen,de392bbf-2c7b-4be1-a644-2e46234eedc0,,,Transwijk-Noord,,1,Bestaande bouw,https://www.huurstunt.nl/appartement/huren/utrecht/hebe-kohlbruggeweg/46284924,,,,,,,A++,,,200,,,,3000,,,,,,,,,,,,,0,67 m2,,1,,,,,,,,,,,,,,,,,,,,,,,,,,,,,,,,,,"
Utrecht

/

Utrecht",Transwijk-Noord,1500,0,67,2,1.0,1.0,A++,,False,,,False,3000
6,Appartement Schoutenstraat,3512GB,€ 1.295,Appartement,Gestoffeerd,1900,Schoutenstraat,3512GB,Binnenstad,"Domplein, Neude, Janskerkhof",Utrecht,Utrecht,1.0,2.0,2,1.0,1.0,60 m2,13-10-2022,13-10-2022,18-04-2019,Ondanks strenge controles kan Huurstunt de beschikbaarheid van de woning bij de verhuurder of diens makelaar nooit 100% garanderen,7dc3cdb7-ef95-41e4-84cd-d002790254c8,,,"Domplein, Neude, Janskerkhof",,1,Bestaande bouw,https://www.huurstunt.nl/appartement/huren/utrecht/schoutenstraat/46283520,,,,,,,,,,175 m³,,,,,,,,,,,,,,,,,,60 m2,,,,,,,,,,,,,,,,,,,,,,,,,,,,,,,,,,,,"
Utrecht

/

Utrecht","Domplein, Neude, Janskerkhof",1295,,60,2,1.0,1.0,,,False,,,False,
7,Kamer Oudegracht,3511AB,€ 730,Kamer,Gemeubileerd,1818,Oudegracht,3511AB,In centrum,Wijk C,Utrecht,Utrecht,2.0,8.0,1,1.0,1.0,24 m2,20-10-2022,20-10-2022,19-01-2022,Ondanks strenge controles kan Huurstunt de beschikbaarheid van de woning bij de verhuurder of diens makelaar nooit 100% garanderen,fbf82ea2-19fd-4d1f-a300-84c281740e9b,,,Wijk C,Niet aanwezig,1,Bestaande bouw,https://www.huurstunt.nl/kamer/huren/utrecht/oudegracht/46285644,,,,,,,,,,75 m³,,,Tijdelijke verhuur,€ 1500,,,,,,Zeer goed,,,1.0,Nee,Nee,,€ 315,,,,,1,Werkende,Monumentaal pand,,,,,,,,,,,,,,,,,,,,,,,,,,,,,,"
Utrecht

/

Utrecht",Wijk C,730,315,24,1,1.0,1.0,,1.0,False,,,False,1500
8,Appartement Smakkelaarsveld,3511EA,€ 1.450,Appartement,Gestoffeerd,1975,Smakkelaarsveld,3511EA,Binnenstad,Hoog-Catharijne NS en Jaarbeurs,Utrecht,Utrecht,,1.0,2,1.0,1.0,50 m2,18-10-2022,18-10-2022,18-04-2019,Ondanks strenge controles kan Huurstunt de beschikbaarheid van de woning bij de verhuurder of diens makelaar nooit 100% garanderen,c63314a3-a085-46df-af9a-8f50f065e539,,,Hoog-Catharijne NS en Jaarbeurs,,1,Bestaande bouw,https://www.huurstunt.nl/appartement/huren/utrecht/smakkelaarsveld/46284647,,,,,,,C,,,150,,,,1450,,,,,,,,,,,,,,50 m2,,1,,1,,,Ja,,,,,,,,,,,,,,,,,,,,,,,,,,,,,"
Utrecht

/

Utrecht",Hoog-Catharijne NS en Jaarbeurs,1450,,50,2,1.0,1.0,C,,True,,,False,1450
9,Huurwoning 2E Spechtstraat,3514TW,€ 1.625,Huurwoning,Gestoffeerd,1904,2E Spechtstraat,3514TW,Noordoost,Vogelenbuurt,Utrecht,Utrecht,,,3,2.0,1.0,110 m2,30-11-2022,19-10-2022,22-04-2020,Ondanks strenge controles kan Huurstunt de beschikbaarheid van de woning bij de verhuurder of diens makelaar nooit 100% garanderen,0e11c4a0-a296-4cd5-b118-cca48eae3f0c,,,Vogelenbuurt,,2,Bestaande bouw,https://www.huurstunt.nl/huurwoning/huren/utrecht/2e-spechtstraat/46284970,,,,,,,,Bad,,330,,,,1625,,,,,,,,,,,,,0,110 m2,,1,1,1,,,Ja,,achtertuin,,110 m²,,,,,,,,,,,,,,,,,,,,,,,,,"
Utrecht

/

Utrecht",Vogelenbuurt,1625,0,110,3,2.0,1.0,,,True,1,,True,1625
10,Appartement Trumanlaan,3527BM,€ 1.530,Appartement,Gemeubileerd,1960,Trumanlaan,3527BM,In een woonwijk,Kanaleneiland-Noord,Utrecht,Utrecht,1.0,16.0,3,2.0,2.0,75 m2,18-10-2022,30-08-2022,26-03-2020,Ondanks strenge controles kan Huurstunt de beschikbaarheid van de woning bij de verhuurder of diens makelaar nooit 100% garanderen,744ef007-a221-4e77-9006-dcd8469f8f96,bovenwoning,exclusief,Kanaleneiland-Noord,Niet aanwezig,1,Bestaande bouw,https://www.huurstunt.nl/appartement/huren/utrecht/trumanlaan/46270588,,,,,,,B,,,,,,Onbepaalde tijd,€ 2.000,,,,,,,,Servicekosten,,,,,,,,,,,,,Ja,,,,,Openbaar,,,,,,,,,,,,,,,,,,,,,,,,"
Utrecht

/

Utrecht",Kanaleneiland-Noord,1530,,75,3,2.0,2.0,B,,True,,,False,2.000
11,Appartement Obrechtstraat,3572EE,€ 1.495,Appartement,Kaal,1928,Obrechtstraat,3572EE,Noordoost,Wittevrouwen,Utrecht,Utrecht,1.0,4.0,2,1.0,1.0,70 m2,01-11-2022,13-10-2022,26-03-2020,Ondanks strenge controles kan Huurstunt de beschikbaarheid van de woning bij de verhuurder of diens makelaar nooit 100% garanderen,b3faa643-9241-494c-9de2-f2bd47aeea01,,,Wittevrouwen,,1,Bestaande bouw,https://www.huurstunt.nl/appartement/huren/utrecht/obrechtstraat/46283512,,,,,,,B,,,196 m³,,,,€ 2.990,,,,,,Zeer goed,,,,,,,,,,,Aanwezig (gelegen op het zuidoosten),,,,,,achtertuin,,,Betaald,,,,,,,,,,,,,,,,,,,,,,,,"
Utrecht

/

Utrecht",Wittevrouwen,1495,,70,2,1.0,1.0,B,,False,Aanwezig,gelegen op het zuidoosten),True,2.990
12,Bedrijfsruimte Spoordijk,3534BD,€ 270,Bedrijfsruimte,,1970,Spoordijk,3534BD,West,"Schepenbuurt, Cartesiusweg e.o.",Utrecht,Utrecht,,5.0,Op aanvraag,0.0,,30 m2,19-07-2022,09-09-2022,04-02-2022,Ondanks strenge controles kan Huurstunt de beschikbaarheid van de woning bij de verhuurder of diens makelaar nooit 100% garanderen,4d4ec75a-7847-47ed-9775-fdb13caab640,,,,,,,https://www.huurstunt.nl/bedrijfsruimte/huren/utrecht/spoordijk/46273644,,,,,,,,,,,,,,,,,,,,,,,,,,,,,,,,,,,,,,,,,,,,,,,,,,,,,,,,,,,,,,,,"
Utrecht

/

Utrecht","Schepenbuurt, Cartesiusweg e.o.",270,,30,,0.0,,,,False,,,False,
13,Appartement Hekelsteeg,3511AK,€ 1.325,Appartement,Gestoffeerd,1913,Hekelsteeg,3511AK,In het centrum,"Lange Elisabethstraat, Mariaplaats en omgeving",Utrecht,Utrecht,,1.0,2,1.0,1.0,51 m2,01-06-2021,20-10-2022,18-04-2019,Ondanks strenge controles kan Huurstunt de beschikbaarheid van de woning bij de verhuurder of diens makelaar nooit 100% garanderen,a1dd3d26-eee0-4cb0-926e-cb070003d4b4,,,"Lange Elisabethstraat, Mariaplaats en omgeving",,1,Bestaande bouw,https://www.huurstunt.nl/appartement/huren/utrecht/hekelsteeg/46285436,,,,,,,D,,,153,,,,1350,,,,,,Zeer goed,,,,,,,,51 m2,,1,2,,,,,,,,,,,,,,,,,,,,,,,,,,,,,,,,,"
Utrecht

/

Utrecht","Lange Elisabethstraat, Mariaplaats en omgeving",1325,,51,2,1.0,1.0,D,,False,2,,True,1350
14,Huurwoning Piet Heinstraat,3582BX,€ 1.675,Huurwoning,Kaal,1906,Piet Heinstraat,3582BX,"Aan rustige weg, in woonwijk en vrij uitzicht","Abstede, Tolsteegsingel e.o.",Utrecht,Utrecht,,,2,1.0,0.0,70 m2,28-09-2022,28-09-2022,18-04-2019,Ondanks strenge controles kan Huurstunt de beschikbaarheid van de woning bij de verhuurder of diens makelaar nooit 100% garanderen,abd627d9-d936-4d43-a238-3476cacb00e8,,,"Basisschool, Supermarkt, Bushalte",,2 woonlagen,Bestaande bouw,https://www.huurstunt.nl/huurwoning/huren/utrecht/piet-heinstraat/46279161,,,geen servicekosten,Cv-ketel,Cv-ketel,Dubbel glas,C,TV kabel,,271 m³,,50 m²,Tijdelijke verhuur,€ 1.675 eenmalig,,,,,,Goed,,,,,,,,93 m2,,,Achtertuin,,,Monumentaal pand,,,achtertuin,,93 m²,Openbaar,,,Gelegen op het oosten bereikbaar via achterom,50 m² (10 meter diep en 5 meter breed),"Gas gestookt combiketel uit 2020, eigendom",Zadeldak bedekt met pannen,,,,,,,,,,,,,,,,,,"
Utrecht

/

Utrecht","Abstede, Tolsteegsingel e.o.",1675,,70,2,1.0,0.0,C,,False,Achtertuin,,True,1.675
15,Appartement Nachtegaalstraat,3581AK,€ 1.050,Appartement,,,Nachtegaalstraat,3581AK,Oost,Buiten Wittevrouwen,Utrecht,Utrecht,1.0,17.0,2,,1.0,38 m2,01-11-2022,01-09-2022,18-04-2019,Ondanks strenge controles kan Huurstunt de beschikbaarheid van de woning bij de verhuurder of diens makelaar nooit 100% garanderen,5fee1416-d65f-42a0-8671-309ee2be54f4,,,,,,,https://www.huurstunt.nl/appartement/huren/utrecht/nachtegaalstraat/46271068,,,,,,,,,,,,,,Tweemaal de huurprijs,,,,,,,"€ 1.200,00 per maand",,,,,,,,,,,,,,,,,,,,,,,,,,,2,,,,,,,,,,,,,,,,"
Utrecht

/

Utrecht",Buiten Wittevrouwen,1050,,38,2,,1.0,,,False,,,False,
16,Garage Annastraat,3512GR,€ 199,Garage,,,Annastraat,3512GR,Binnenstad,"Domplein, Neude, Janskerkhof",Utrecht,Utrecht,,,1,0.0,,7 m2,01-03-2022,26-02-2022,26-03-2020,Ondanks strenge controles kan Huurstunt de beschikbaarheid van de woning bij de verhuurder of diens makelaar nooit 100% garanderen,947f3d42-5941-42ea-a423-743d171e5c1a,parkeerplaats,inclusief,,,,,https://www.huurstunt.nl/garage/huren/utrecht/annastraat/46218657,,,,,,,,,,,,,,,,,,,,,,,,,,,,,,,,,,,,,,,,,,,,,,,,,,,,,,,,,,,,,,,,"
Utrecht

/

Utrecht","Domplein, Neude, Janskerkhof",199,,7,1,0.0,,,,False,,,False,
17,Huurwoning Monarchvlinderlaan,3544DC,€ 1.295,Huurwoning,Gemeubileerd,,Monarchvlinderlaan,3544DC,Leidsche Rijn,Parkwijk-Noord,Utrecht,Utrecht,2.0,4.0,3,1.0,1.0,56 m2,05-10-2022,05-10-2022,19-01-2022,Ondanks strenge controles kan Huurstunt de beschikbaarheid van de woning bij de verhuurder of diens makelaar nooit 100% garanderen,41495a7e-0f47-49b1-8d53-92add6ead618,benedenwoning,exclusief,Parkwijk-Noord,Niet aanwezig,2,Bestaande bouw,https://www.huurstunt.nl/huurwoning/huren/utrecht/monarchvlinderlaan/46280914,,,,,,,A,Kelder,,450 m³,,,Tijdelijke verhuur,€ 2590,,,,,,Goed,,,2.0,Nee,Nee,,,174 m2,,,,1,Werkende,,,,,,,,,,,,,,,,goed,,,,,,,,,,,,,,,"
Utrecht

/

Utrecht",Parkwijk-Noord,1295,,56,3,1.0,1.0,A,2.0,False,,,False,2590
18,Appartement Peltlaan,3527EB,€ 1.300,Appartement,Gemeubileerd,1959,Peltlaan,3527EB,In woonwijk,Kanaleneiland-Noord,Utrecht,Utrecht,3.0,1.0,3,2.0,1.0,72 m2,05-10-2022,05-10-2022,19-01-2022,Ondanks strenge controles kan Huurstunt de beschikbaarheid van de woning bij de verhuurder of diens makelaar nooit 100% garanderen,3e9fccc8-cb43-4535-9a5a-f4a7b19a54ed,bovenwoning,exclusief,Kanaleneiland-Noord,Niet aanwezig,1,Bestaande bouw,https://www.huurstunt.nl/appartement/huren/utrecht/peltlaan/46280915,,,,,,,E,,,,,,Tijdelijke verhuur,€ 3500,,,,,,Goed,,,,Nee,Nee,,,,,,,,,,,,,,,Openbaar,,,,,,,,,redelijk tot goed,,,,,,,,,,,,,,,"
Utrecht

/

Utrecht",Kanaleneiland-Noord,1300,,72,3,2.0,1.0,E,,False,,,False,3500
19,Appartement Weerdsingel Oostzijde,3514AG,€ 1.500,Appartement,Gemeubileerd,1880,Weerdsingel Oostzijde,3514AG,Noordoost,Vogelenbuurt,Utrecht,Utrecht,1.0,1.0,2,1.0,1.0,75 m2,21-10-2022,21-10-2022,18-04-2019,Ondanks strenge controles kan Huurstunt de beschikbaarheid van de woning bij de verhuurder of diens makelaar nooit 100% garanderen,13932281-c3ca-4c83-9b32-0279209fb2a5,,,Vogelenbuurt,,1,Bestaande bouw,https://www.huurstunt.nl/appartement/huren/utrecht/weerdsingel-oostzijde/46286016,,,,,,,,,,200 m³,,,,€ 1.800,,,,,,,,,,,,,,75 m2,,,,,,,,,,,,,,,,,,,,,,,,,,,,,,,,,,,,"
Utrecht

/

Utrecht",Vogelenbuurt,1500,,75,2,1.0,1.0,,,False,,,False,1.800
20,Appartement Wijde Begijnestraat,3512AW,€ 1.400,Appartement,Gestoffeerd,,Wijde Begijnestraat,3512AW,In het centrum,Breedstraat en Plompetorengracht en omgeving,Utrecht,Utrecht,,1.0,2,1.0,1.0,60 m2,11-10-2022,11-10-2022,18-04-2019,Ondanks strenge controles kan Huurstunt de beschikbaarheid van de woning bij de verhuurder of diens makelaar nooit 100% garanderen,242d49be-7190-4444-96a3-56c2ef6b36b8,bovenwoning,exclusief,Breedstraat en Plompetorengracht en omgeving,Niet aanwezig,1,Bestaande bouw,https://www.huurstunt.nl/appartement/huren/utrecht/wijde-begijnestraat/46282811,,,,,,,,,,,,,,€ 2.800,,,,,,Goed,,Servicekosten,2.0,Nee,Nee,,,,,,,,,Monumentaal pand,,,,,,,,,,,,,,,goed,,,,,,,,,,,,,,,"
Utrecht

/

Utrecht",Breedstraat en Plompetorengracht en omgeving,1400,,60,2,1.0,1.0,,2.0,False,,,False,2.800
21,Appartement Twijnstraat,3511ZH,€ 1.050,Appartement,Gestoffeerd,,Twijnstraat,3511ZH,Binnenstad,Lange Nieuwstraat en omgeving,Utrecht,Utrecht,4.0,30.0,2,,1.0,36 m2,01-11-2022,09-08-2022,18-04-2019,Ondanks strenge controles kan Huurstunt de beschikbaarheid van de woning bij de verhuurder of diens makelaar nooit 100% garanderen,40cc8345-3ad0-4cff-8b6b-436cf87bc36f,,,,,,,https://www.huurstunt.nl/appartement/huren/utrecht/twijnstraat/46265769,,,p/m | excl. g/w/e,,,,,,,,,,,Tweemaal de maandhuur,,,,,,,"€ 1.200,00 per maand",,,,,,,,,Onbekend,,Onbekend,,,,,,,,,,,,,,,,1,,Niet belangrijk,Niet belangrijk,"Niet belangrijk -
Niet belangrijk",Iedereen welkom,2 personen,Nee,Onbekend,Onbekend,Onbekend,,,,,,"
Utrecht

/

Utrecht",Lange Nieuwstraat en omgeving,1050,,36,2,,1.0,,,False,,,False,
22,Kamer Nachtegaalstraat,3581AN,€ 400,Kamer,Gestoffeerd,,Nachtegaalstraat,3581AN,Oost,Buiten Wittevrouwen,Utrecht,Utrecht,9.0,29.0,1,,0.0,11 m2,01-11-2022,05-10-2022,18-04-2019,Ondanks strenge controles kan Huurstunt de beschikbaarheid van de woning bij de verhuurder of diens makelaar nooit 100% garanderen,b938ecd5-bab1-4a89-b6d4-ad39e20a73d1,,,,,,,https://www.huurstunt.nl/kamer/huren/utrecht/nachtegaalstraat/46280879,,,p/m | excl. g/w/e,,,,,,,,,,,Tweemaal de maandhuur,,,,,,,"€ 475,00 per maand",,,,,,,,,Onbekend,,Onbekend,,,,,,,,,,,,,,,,2,,Niet belangrijk,Niet belangrijk,"Niet belangrijk -
Niet belangrijk",Iedereen welkom,2 personen,Nee,Onbekend,Onbekend,Onbekend,Onbekend,,,,,"
Utrecht

/

Utrecht",Buiten Wittevrouwen,400,,11,1,,0.0,,,False,,,False,
23,Appartement Maliestraat,3581SH,€ 1.745,Appartement,Gemeubileerd,1906,Maliestraat,3581SH,Oost,Buiten Wittevrouwen,Utrecht,Utrecht,,,2,1.0,1.0,60 m2,15-11-2022,15-10-2022,26-03-2020,Ondanks strenge controles kan Huurstunt de beschikbaarheid van de woning bij de verhuurder of diens makelaar nooit 100% garanderen,a9600051-d66a-4a1d-9e20-4787d0177126,,,Buiten Wittevrouwen,,1,Bestaande bouw,https://www.huurstunt.nl/appartement/huren/utrecht/maliestraat/46284126,,,,,,,,,,180 m³,,,,€ 3.490,,,,,,Goed,,,,,,,€ 150,,,,,,,,,,,,,,,,,,,,,,,,,,,,,,,,,,,,,"
Utrecht

/

Utrecht",Buiten Wittevrouwen,1745,150,60,2,1.0,1.0,,,False,,,False,3.490
24,Appartement Beneluxlaan,3527HX,€ 1.395,Appartement,Kaal,1963,Beneluxlaan,3527HX,Zuidwest,Transwijk-Noord,Utrecht,Utrecht,1.0,2.0,3,2.0,1.0,75 m2,01-11-2022,11-10-2022,26-03-2020,Ondanks strenge controles kan Huurstunt de beschikbaarheid van de woning bij de verhuurder of diens makelaar nooit 100% garanderen,a79d3aad-6cdc-4e6e-98fe-8838c2c71715,,,Transwijk-Noord,,1,Bestaande bouw,https://www.huurstunt.nl/appartement/huren/utrecht/beneluxlaan/46283045,,,,Elektrische boiler,Stadsverwarming,Gedeeltelijk dubbele beglazing,F,,,242 m³,,,,€ 2.790,,,,,,,,,,,,,,,,,,,,,Ja,,,,,Openbaar,,,,,,,,,,,,,,,,,,,,,,,,"
Utrecht

/

Utrecht",Transwijk-Noord,1395,,75,3,2.0,1.0,F,,True,,,False,2.790
25,Appartement Vleutenseweg,3532HL,€ 1.650,Appartement,Gemeubileerd,,Vleutenseweg,3532HL,West,Lombok-Oost,Utrecht,Utrecht,,,2,1.0,1.0,47 m2,26-10-2022,18-10-2022,18-04-2019,Ondanks strenge controles kan Huurstunt de beschikbaarheid van de woning bij de verhuurder of diens makelaar nooit 100% garanderen,dd6a9f76-5296-4448-88f2-0a5824d75e8d,,exclusief,Lombok-Oost,Niet aanwezig,,Bestaande bouw,https://www.huurstunt.nl/appartement/huren/utrecht/vleutenseweg/46284672,,,,,,,,,,,,,,€ 1.650,,,,,,,,,,Nee,,,,,,,,,,,Ja,,,,,Op eigen terrein,,,,,,,,,,,,,,,,,,,,,,,,"
Utrecht

/

Utrecht",Lombok-Oost,1650,,47,2,1.0,1.0,,,True,,,False,1.650
26,Bedrijfsruimte CAB-rondom,3534BE,€ 300,Bedrijfsruimte,,1970,CAB-rondom,3534BE,West,"Schepenbuurt, Cartesiusweg e.o.",Utrecht,Utrecht,,1.0,Op aanvraag,0.0,,0 m2,24-04-2021,09-09-2022,04-02-2022,Ondanks strenge controles kan Huurstunt de beschikbaarheid van de woning bij de verhuurder of diens makelaar nooit 100% garanderen,a32ba0e8-82f2-427e-82aa-8732375d7fdc,,,,,,,https://www.huurstunt.nl/bedrijfsruimte/huren/utrecht/cab-rondom/46273460,,,,,,,,,,,,,,,,,,,,,,,,,,,,,,,,,,,,,,,,,,,,,,,,,,,,,,,,,,,,,,,,"
Utrecht

/

Utrecht","Schepenbuurt, Cartesiusweg e.o.",300,,0,,0.0,,,,False,,,False,
27,Appartement Rhodosdreef,3562TL,€ 1.495,Appartement,Kaal,,Rhodosdreef,3562TL,Overvecht,Zamenhofdreef en omgeving,Utrecht,Utrecht,,1.0,3,2.0,1.0,82 m2,01-11-2022,11-10-2022,08-10-2022,Ondanks strenge controles kan Huurstunt de beschikbaarheid van de woning bij de verhuurder of diens makelaar nooit 100% garanderen,d359608e-3a7c-4e1d-9f9b-97f56b0fdce8,,,,,,,https://www.huurstunt.nl/appartement/huren/utrecht/rhodosdreef/46282233,,,,,,,,,,,,,,,,,,,,,,,,,,,,,,,,,,,Ja,,,,,,,,,,,,,,,,,,,,,,,,0,Exclusief,01-11-2023,,,"
Utrecht

/

Utrecht",Zamenhofdreef en omgeving,1495,,82,3,2.0,1.0,,,True,,,False,
28,Studio Ridderschapstraat,3512CN,€ 1.250,Studio,Gemeubileerd,1934,Ridderschapstraat,3512CN,Binnenstad,Breedstraat en Plompetorengracht en omgeving,Utrecht,Utrecht,3.0,6.0,1,1.0,1.0,41 m2,01-11-2022,27-09-2022,27-09-2022,Ondanks strenge controles kan Huurstunt de beschikbaarheid van de woning bij de verhuurder of diens makelaar nooit 100% garanderen,ec3eec08-1eff-41be-895f-e8eebf8c0cd4,,,,,,,https://www.huurstunt.nl/studio/huren/utrecht/ridderschapstraat/46277976,,,,,,,,,,,,,,,,,,,,,,,,,,,,,,,,,,,Ja,,,,,,,,,,,,,,,,,,,,,,,,0,Inclusief,01-04-2023,,,"
Utrecht

/

Utrecht",Breedstraat en Plompetorengracht en omgeving,1250,,41,1,1.0,1.0,,,True,,,False,
29,Huurwoning Morelstraat,3552GM,€ 1.495,Huurwoning,Gemeubileerd,,Morelstraat,3552GM,Noordwest,Ondiep,Utrecht,Utrecht,1.0,3.0,2,1.0,,55 m2,01-11-2022,06-10-2022,18-04-2019,Ondanks strenge controles kan Huurstunt de beschikbaarheid van de woning bij de verhuurder of diens makelaar nooit 100% garanderen,6f833c65-58e3-4f7d-a4b0-e506edf38954,,,Ondiep,,,Bestaande bouw,https://www.huurstunt.nl/huurwoning/huren/utrecht/morelstraat/46281396,,,,,,,F,,,,,,,,,,,,,,,,,,,,,,,,,,,,,,,,,,,,,,,,,,,,,,,,,,,,,,,,,"
Utrecht

/

Utrecht",Ondiep,1495,,55,2,1.0,,F,,False,,,False,
30,Kamer St. Janshovenstraat,3572RA,€ 400,Kamer,,,St. Janshovenstraat,3572RA,Noordoost,Wittevrouwen,Utrecht,Utrecht,,9.0,1,,,11 m2,11-11-2022,18-10-2022,18-04-2019,Ondanks strenge controles kan Huurstunt de beschikbaarheid van de woning bij de verhuurder of diens makelaar nooit 100% garanderen,dcd08c5f-cadc-4648-b927-6146d214322c,,,,,,,https://www.huurstunt.nl/kamer/huren/utrecht/st-janshovenstraat/46284478,,,,,,,,,,,,,,Tweemaal de maandhuur,,,,,,,"€ 475,00 per maand",,,,,,,,,,,,,,,,,,,,,,,,,,,BGG,,,,,,,,,,,,,,,,"
Utrecht

/

Utrecht",Wittevrouwen,400,,11,1,,,,,False,,,False,
31,Appartement Van Eysingalaan,3527VV,€ 1.135,Appartement,Gemeubileerd,,Van Eysingalaan,3527VV,Zuidwest,Transwijk-Noord,Utrecht,Utrecht,5.0,31.0,4,3.0,1.0,65 m2,01-10-2022,22-10-2022,29-09-2020,Ondanks strenge controles kan Huurstunt de beschikbaarheid van de woning bij de verhuurder of diens makelaar nooit 100% garanderen,885d06fe-ac09-4234-b830-9eb4d58f8639,,,,,,,https://www.huurstunt.nl/appartement/huren/utrecht/van-eysingalaan/46274157,,,,,,,,,,,,,,,,,,,,,,,,,,,,,,,,,,,Ja,,,,,,,,,,,,,,,,,,,,,,,,0,Inclusief,,,,"
Utrecht

/

Utrecht",Transwijk-Noord,1135,,65,4,3.0,1.0,,,True,,,False,
32,Garage Ina Boudier-Bakkerlaan,3582VA,€ 140,Garage,Kaal,,Ina Boudier-Bakkerlaan,3582VA,Oost,Rubenslaan en omgeving,Utrecht,Utrecht,2.0,7.0,1,0.0,0.0,15 m2,03-02-2020,26-09-2022,24-12-2019,Ondanks strenge controles kan Huurstunt de beschikbaarheid van de woning bij de verhuurder of diens makelaar nooit 100% garanderen,017c335f-0745-43f1-86f1-8ff2f9411ca4,,,,,,,https://www.huurstunt.nl/garage/huren/utrecht/ina-boudier-bakkerlaan/46052731,,,,,,,,,,,,,,,,,,,,,,,,,,,,,,,,,,,,,,,,,,,,,,,,,,,,,,,,,,,0,Inclusief,,,,"
Utrecht

/

Utrecht",Rubenslaan en omgeving,140,,15,1,0.0,0.0,,,False,,,False,
33,Appartement Nachtegaalstraat,3581AB,€ 1.395,Appartement,Gestoffeerd,Voor 1906,Nachtegaalstraat,3581AB,Nabij het openbaar vervoer,Buiten Wittevrouwen,Utrecht,Utrecht,,,2,1.0,1.0,65 m2,31-10-2022,18-10-2022,18-04-2019,Ondanks strenge controles kan Huurstunt de beschikbaarheid van de woning bij de verhuurder of diens makelaar nooit 100% garanderen,a47a794c-cfbe-43b2-88c2-fe419b8c9670,,,Buiten Wittevrouwen,,1,Bestaande bouw,https://www.huurstunt.nl/appartement/huren/utrecht/nachtegaalstraat/46284489,,,,,,,,,,180,,,,3290,,,,,,,,,,,,,,65 m2,,1,,,,,,,,,,,,,,,,,,,,,,,,,,,,,,,,,,"
Utrecht

/

Utrecht",Buiten Wittevrouwen,1395,,65,2,1.0,1.0,,,False,,,False,3290
34,Studio Europaplein,3526WP,€ 1.100,Studio,Gemeubileerd,2009,Europaplein,3526WP,Zuidwest,Transwijk-Zuid,Utrecht,Utrecht,,3.0,1,0.0,1.0,29 m2,14-10-2022,14-10-2022,14-10-2022,Ondanks strenge controles kan Huurstunt de beschikbaarheid van de woning bij de verhuurder of diens makelaar nooit 100% garanderen,efa77214-2bbc-4fc3-a202-9607524cde2e,,,,,,,https://www.huurstunt.nl/studio/huren/utrecht/europaplein/46283821,,,,,,,,,,,,,,,,,,,,,,,,,,,,,,,,,,,,,,,,,,,,,,,,,,,,,,,,,,,0,Exclusief,,,,"
Utrecht

/

Utrecht",Transwijk-Zuid,1100,,29,1,0.0,1.0,,,False,,,False,
35,Studio Berlijnplein,3541CM,€ 633,Studio,Gestoffeerd,2022,Berlijnplein,3541CM,In een woonwijk,Leidsche Rijn-Centrum,Utrecht,Utrecht,13.0,127.0,1,0.0,1.0,30 m2,01-04-2022,16-09-2022,04-01-2022,Ondanks strenge controles kan Huurstunt de beschikbaarheid van de woning bij de verhuurder of diens makelaar nooit 100% garanderen,b21b098a-0483-4635-8b14-bc3e0136506a,studio,exclusief,Leidsche Rijn-Centrum,Niet aanwezig,1,Nieuwbouw,https://www.huurstunt.nl/studio/huren/utrecht/berlijnplein/46275346,,,,Stadsverwarming,"Stadsverwarming, Gedeeltelijke vloerverwarming",,,,,,,,,€ 1.500,,,,,,,,,2.0,Nee,Nee,Servicekosten,€ 327,,,,,,Werkende,,,,,,,Garage,,,,,,,,,,,,,,,,,,,,,,€ 2.000,,"
Utrecht

/

Utrecht",Leidsche Rijn-Centrum,633,327,30,1,0.0,1.0,,2.0,False,,,False,1.500
36,Appartement Billitonkade,3531TL,€ 1.265,Appartement,Gestoffeerd,,Billitonkade,3531TL,West,Lombok-West,Utrecht,Utrecht,,6.0,2,1.0,,40 m2,20-03-2021,29-09-2021,26-03-2020,Ondanks strenge controles kan Huurstunt de beschikbaarheid van de woning bij de verhuurder of diens makelaar nooit 100% garanderen,72769a46-4b42-4204-8c6c-bc974392f002,,exclusief,,,,,https://www.huurstunt.nl/appartement/huren/utrecht/billitonkade/46189717,,,,,,,,,,,,,,,,,,,,,,,,,,,,,,,,,,,,,,,,,,,,,,,,,,,,,,,,,,,,,,,,"
Utrecht

/

Utrecht",Lombok-West,1265,,40,2,1.0,,,,False,,,False,
37,Appartement Nieuwegracht,3512LS,€ 1.300,Appartement,Gemeubileerd,1967,Nieuwegracht,3512LS,Binnenstad,Nieuwegracht-Oost,Utrecht,Utrecht,5.0,9.0,2,1.0,,44 m2,02-02-2022,02-02-2022,05-02-2021,Ondanks strenge controles kan Huurstunt de beschikbaarheid van de woning bij de verhuurder of diens makelaar nooit 100% garanderen,fdc93a46-6a9c-4acf-b4d9-736994c4d14e,,,"Basisschool, Supermarkt, Bushalte",,,Bestaande bouw,https://www.huurstunt.nl/appartement/huren/utrecht/nieuwegracht/46211525,,,geen servicekosten,,,,,,,112 m³,,,,€ 1.300 eenmalig,,,,,,,,,,,,,,,,,,,,,,,,,,,,,,,,,,,,,,,,,,,,,,,,,A,"
Utrecht

/

Utrecht",Nieuwegracht-Oost,1300,,44,2,1.0,,A,,False,,,False,1.300
38,Appartement Catharijnesingel,3511GM,€ 1.600,Appartement,Gemeubileerd,1920,Catharijnesingel,3511GM,Binnenstad,Hooch Boulandt,Utrecht,Utrecht,,,2,1.0,0.0,32 m2,30-09-2022,30-09-2022,01-08-2019,Ondanks strenge controles kan Huurstunt de beschikbaarheid van de woning bij de verhuurder of diens makelaar nooit 100% garanderen,57d67fed-1b15-412b-b8a6-b45bb5f3f611,,,"Basisschool, Supermarkt, Bushalte",,1 woonlaag,Bestaande bouw,https://www.huurstunt.nl/appartement/huren/utrecht/catharijnesingel/46279713,,,"exclusief servicekosten à € 250,00 /mnd",,,,D,,,95 m³,,,Tijdelijke verhuur,€ 3.700 eenmalig,,,,,,Zeer goed,,,,,,Servicekosten,€ 250,,,,,,,,,,,,,,,,,,,,,,,,,,,,,,,,,,,,G,"
Utrecht

/

Utrecht",Hooch Boulandt,1600,250,32,2,1.0,0.0,D,,False,,,False,3.700
39,Appartement Jansveld,3512BH,€ 1.000,Appartement,,,Jansveld,3512BH,Binnenstad,"Domplein, Neude, Janskerkhof",Utrecht,Utrecht,2.0,27.0,2,,1.0,45 m2,01-10-2022,03-08-2022,18-04-2019,Ondanks strenge controles kan Huurstunt de beschikbaarheid van de woning bij de verhuurder of diens makelaar nooit 100% garanderen,b0b65aa4-d5ee-4dd2-8fe5-65c1a11d9ac4,,,,,,,https://www.huurstunt.nl/appartement/huren/utrecht/jansveld/46264039,,,,,,,,,,,,,,Tweemaal de huurprijs,,,,,,,"€ 1.200,00 per maand",,,,,,,,,,,,,,,,,,,,,,,,,,,1,,,,,,,,,,,,,,,,"
Utrecht

/

Utrecht","Domplein, Neude, Janskerkhof",1000,,45,2,,1.0,,,False,,,False,
40,Appartement Oudegracht,3511AJ,€ 1.100,Appartement,Gestoffeerd,1930,Oudegracht,3511AJ,Binnenstad,"Lange Elisabethstraat, Mariaplaats en omgeving",Utrecht,Utrecht,1.0,1.0,1,0.0,1.0,50 m2,07-10-2022,07-10-2022,18-04-2019,Ondanks strenge controles kan Huurstunt de beschikbaarheid van de woning bij de verhuurder of diens makelaar nooit 100% garanderen,3901986d-510b-46e6-ad47-7cf138ede716,,,"Lange Elisabethstraat, Mariaplaats en omgeving",,,Bestaande bouw,https://www.huurstunt.nl/appartement/huren/utrecht/oudegracht/46281995,,,,,,,,,,,,,,,,,,,,,,,,,,,,50 m2,,,,,,,,,,,,,,,,,,,,,,,,,,,,,,,,,,,,"
Utrecht

/

Utrecht","Lange Elisabethstraat, Mariaplaats en omgeving",1100,,50,1,0.0,1.0,,,False,,,False,
