,Unnamed: 0,address,postcode,Huurprijs,Waarborgsom,Huurovereenkomst,Aangeboden sinds,Status,Aanvaarding,Soort appartement,Soort bouw,Bouwjaar,Specifiek,Gebruiksoppervlakten,Wonen,Gebouwgebonden buitenruimte,Inhoud,Aantal kamers,Aantal badkamers,Badkamervoorzieningen,Aantal woonlagen,Gelegen op,Voorzieningen,Voorlopig energielabel,Isolatie,Verwarming,Warm water,Ligging,Balkon/dakterras,Soort parkeergelegenheid,url,Soort dak,Overige inpandige ruimte,Soort garage,Soort woonhuis,Perceel,Energielabel,Cv-ketel,Tuin,Achtertuin,Ligging tuin,Bouwperiode,Externe bergruimte,Schuur/berging,Inschrijving KvK,Jaarlijkse vergadering,Periodieke bijdrage,Reservefonds aanwezig,Onderhoudsplan,Opstalverzekering,Zonneterras,Oorspronkelijke huurprijs,Capaciteit,Keurmerken,Oppervlakte,rental_price,service_costs,rooms,bedrooms,Energierating
0,0,Gildstraat 86 B,3572 ER,€ 1.550 per maand (geen servicekosten),€ 1.550 eenmalig,Tijdelijke verhuur,20 oktober 2022,Beschikbaar,Beschikbaar per 1-12-2022,Bovenwoning (appartement),Bestaande bouw,1904,Gestoffeerd,,65,8 m²,155 m³,2 kamers (1 slaapkamer),1 badkamer en 1 apart toilet,Douche,2 woonlagen,3e woonlaag,TV kabel,G,Dakisolatie en gedeeltelijk dubbel glas,Cv-ketel,Cv-ketel,Aan rustige weg en in woonwijk,Dakterras aanwezig,Betaald parkeren en parkeervergunningen,https://www.funda.nl/huur/utrecht/appartement-42985072-gildstraat-86-b/,,,,,,G,,,,,,,,,,,,,,,,,,,1.550,,2 kamers ,1 slaapkamer,
1,1,Hickorylaan 96,3545 CT,"€ 1.181 per maand (exclusief servicekosten à € 65,00 /mnd)",Geen,Onbepaalde tijd,2 maanden,Beschikbaar,In overleg,Galerijflat (appartement),Nieuwbouw,2022,,,81,7 m²,210 m³,3 kamers (2 slaapkamers),1 badkamer en 1 apart toilet,Ligbad,1 woonlaag,2e woonlaag,Lift en mechanische ventilatie,A,Volledig geïsoleerd,Stadsverwarming en gehele vloerverwarming,Stadsverwarming,In woonwijk,Balkon aanwezig,Openbaar parkeren en parkeergarage,https://www.funda.nl/huur/utrecht/appartement-42814564-hickorylaan-96/,Plat dak bedekt met bitumineuze dakbedekking,4 m²,Parkeerkelder en parkeerplaats,,,A,,,,,,,,,,,,,,,,,,,1.181,"65,00",3 kamers ,2 slaapkamers,
2,2,CAB-rondom 147,3534 BJ,€ 927 per maand (servicekosten onbekend),Geen,Onbepaalde tijd,Vandaag,Beschikbaar,In overleg,Galerijflat,Nieuwbouw,2023,,,74,11 m²,192 m³,3 kamers (2 slaapkamers),1 badkamer en 1 apart toilet,,1 woonlaag,5e woonlaag,"Lift, mechanische ventilatie en zonnepanelen",A,Volledig geïsoleerd,Stadsverwarming en gehele vloerverwarming,Stadsverwarming,In centrum en in woonwijk,Balkon aanwezig,Openbaar parkeren,https://www.funda.nl/huur/utrecht/appartement-42992204-cab-rondom-147/,Plat dak bedekt met bitumineuze dakbedekking,2 m²,,,,A,,,,,,,,,,,,,,,,,,,927,,3 kamers ,2 slaapkamers,
3,3,CAB-rondom 129,3534 BJ,€ 1.595 per maand (servicekosten onbekend),Geen,Onbepaalde tijd,20 oktober 2022,Beschikbaar,In overleg,Galerijflat (appartement),Nieuwbouw,2023,,,110,42 m²,286 m³,3 kamers (2 slaapkamers),2 badkamers en 1 apart toilet,,1 woonlaag,4e woonlaag,"Lift, mechanische ventilatie en zonnepanelen",A,Volledig geïsoleerd,Stadsverwarming en gehele vloerverwarming,Stadsverwarming,In centrum en in woonwijk,Balkon aanwezig,Openbaar parkeren,https://www.funda.nl/huur/utrecht/appartement-42992027-cab-rondom-129/,Plat dak bedekt met bitumineuze dakbedekking,2 m²,,,,A,,,,,,,,,,,,,,,,,,,1.595,,3 kamers ,2 slaapkamers,
4,4,CAB-rondom 143,3534 BJ,€ 927 per maand (servicekosten onbekend),Geen,Onbepaalde tijd,20 oktober 2022,Beschikbaar,In overleg,Galerijflat (appartement),Nieuwbouw,2022,,,74,11 m²,192 m³,2 kamers (1 slaapkamer),1 badkamer en 1 apart toilet,,1 woonlaag,,"Lift, mechanische ventilatie en zonnepanelen",A,Volledig geïsoleerd,Stadsverwarming en gehele vloerverwarming,Stadsverwarming,In centrum en in woonwijk,Balkon aanwezig,Openbaar parkeren,https://www.funda.nl/huur/utrecht/appartement-42991033-cab-rondom-143/,Plat dak bedekt met bitumineuze dakbedekking,,,,,A,,,,,,,,,,,,,,,,,,,927,,2 kamers ,1 slaapkamer,
5,5,Piet Heinstraat 9,3582 BX,€ 1.675 per maand (geen servicekosten),€ 1.675 eenmalig,Tijdelijke verhuur,3 weken,Beschikbaar,In overleg,,Bestaande bouw,1906,Gedeeltelijk gestoffeerd en monument,,70,50 m²,271 m³,2 kamers (1 slaapkamer),,,2 woonlagen,,TV kabel,,Dubbel glas,Cv-ketel,Cv-ketel,"Aan rustige weg, in woonwijk en vrij uitzicht",,"Betaald parkeren, openbaar parkeren en parkeervergunningen",https://www.funda.nl/huur/utrecht/huis-88339734-piet-heinstraat-9/,Zadeldak bedekt met pannen,,,"Eengezinswoning, tussenwoning",93 m²,C,"Gas gestookt combiketel uit 2020, eigendom",Achtertuin,50 m² (10 meter diep en 5 meter breed),Gelegen op het oosten bereikbaar via achterom,,,,,,,,,,,,,,,1.675,,2 kamers ,1 slaapkamer,
6,6,Grifthoek 118,3514 JJ,"€ 1.569 per maand (exclusief servicekosten à € 55,00 /mnd)",€ 3.138 eenmalig,Onbepaalde tijd,19 oktober 2022,Beschikbaar,Per direct beschikbaar,Galerijflat (appartement),Bestaande bouw,,,,80,5 m²,208 m³,3 kamers (2 slaapkamers),1 badkamer en 1 apart toilet,"Ligbad, douche en toilet",1 woonlaag,1e woonlaag,Glasvezelkabel en mechanische ventilatie,,Dubbel glas,Cv-ketel,Cv-ketel,Aan park en in centrum,Balkon aanwezig,Parkeergarage,https://www.funda.nl/huur/utrecht/appartement-42990920-grifthoek-118/,Plat dak,3 m²,Parkeerkelder,,,C,,,,,2001-2010,5 m²,Box,,,,,,,,,,,,1.569,"55,00",3 kamers ,2 slaapkamers,
7,7,Hickorylaan 168,3545 CT,"€ 1.201 per maand (exclusief servicekosten à € 65,00 /mnd)",Geen,Onbepaalde tijd,2 maanden,Beschikbaar,In overleg,Galerijflat (appartement),Nieuwbouw,2022,,,81,7 m²,210 m³,3 kamers (2 slaapkamers),1 badkamer en 1 apart toilet,Ligbad,1 woonlaag,4e woonlaag,Lift en mechanische ventilatie,A,Volledig geïsoleerd,Stadsverwarming en gehele vloerverwarming,Stadsverwarming,In woonwijk,Balkon aanwezig,Openbaar parkeren en parkeergarage,https://www.funda.nl/huur/utrecht/appartement-42814560-hickorylaan-168/,Plat dak bedekt met bitumineuze dakbedekking,4 m²,Parkeerkelder en parkeerplaats,,,A,,,,,,,,,,,,,,,,,,,1.201,"65,00",3 kamers ,2 slaapkamers,
8,8,CAB-rondom 151,3534 BJ,€ 927 per maand (servicekosten onbekend),Geen,Onbepaalde tijd,20 oktober 2022,Beschikbaar,In overleg,Galerijflat (appartement),Nieuwbouw,2022,,,74,11 m²,192 m³,2 kamers (1 slaapkamer),1 badkamer en 1 apart toilet,,1 woonlaag,,"Lift, mechanische ventilatie en zonnepanelen",A,Volledig geïsoleerd,Stadsverwarming en gehele vloerverwarming,Stadsverwarming,In centrum en in woonwijk,Balkon aanwezig,Openbaar parkeren,https://www.funda.nl/huur/utrecht/appartement-42991036-cab-rondom-151/,Plat dak bedekt met bitumineuze dakbedekking,,,,,A,,,,,,,,,,,,,,,,,,,927,,2 kamers ,1 slaapkamer,
9,9,Abel Tasmanstraat 23 A,3531 GS,€ 1.250 per maand (geen servicekosten),€ 1.250 eenmalig,Onbepaalde tijd,17 oktober 2022,Beschikbaar,Beschikbaar per 1-11-2022,Portiekflat (appartement),Bestaande bouw,1920,,,67,7 m²,201 m³,3 kamers (1 slaapkamer),1 badkamer,Douche en toilet,1 woonlaag,1e woonlaag,Mechanische ventilatie en TV kabel,,,Cv-ketel,Cv-ketel,In centrum en in woonwijk,Balkon aanwezig,Betaald parkeren en parkeervergunningen,https://www.funda.nl/huur/utrecht/appartement-42997041-abel-tasmanstraat-23-a/,Zadeldak bedekt met pannen,,,,,B,Gas gestookt,,,,,,Inpandig,,,,,,,,,,,,1.250,,3 kamers ,1 slaapkamer,
10,10,Hickorylaan 92,3545 CT,"€ 1.181 per maand (exclusief servicekosten à € 65,00 /mnd)",Geen,Onbepaalde tijd,2 maanden,Beschikbaar,In overleg,Galerijflat (appartement),Nieuwbouw,2022,,,81,7 m²,210 m³,3 kamers (2 slaapkamers),1 badkamer en 1 apart toilet,Ligbad,1 woonlaag,2e woonlaag,Lift en mechanische ventilatie,A,Volledig geïsoleerd,Stadsverwarming en gehele vloerverwarming,Stadsverwarming,In woonwijk,Balkon aanwezig,Openbaar parkeren en parkeergarage,https://www.funda.nl/huur/utrecht/appartement-42814566-hickorylaan-92/,Plat dak bedekt met bitumineuze dakbedekking,4 m²,Parkeerkelder en parkeerplaats,,,A,,,,,,,,,,,,,,,,,,,1.181,"65,00",3 kamers ,2 slaapkamers,
11,11,CAB-rondom 135,3534 BJ,€ 927 per maand (servicekosten onbekend),Geen,Onbepaalde tijd,20 oktober 2022,Beschikbaar,In overleg,Galerijflat (appartement),Nieuwbouw,2022,,,74,11 m²,192 m³,2 kamers (1 slaapkamer),1 badkamer en 1 apart toilet,,1 woonlaag,,"Lift, mechanische ventilatie en zonnepanelen",A,Volledig geïsoleerd,Stadsverwarming en gehele vloerverwarming,Stadsverwarming,In centrum en in woonwijk,Balkon aanwezig,Openbaar parkeren,https://www.funda.nl/huur/utrecht/appartement-42991027-cab-rondom-135/,Plat dak bedekt met bitumineuze dakbedekking,,,,,A,,,,,,,,,,,,,,,,,,,927,,2 kamers ,1 slaapkamer,
12,12,CAB-rondom 11,3534 BJ,€ 934 per maand (servicekosten onbekend),Geen,Onbepaalde tijd,20 oktober 2022,Beschikbaar,In overleg,Maisonnette (appartement),Nieuwbouw,2022,,,75,,195 m³,2 kamers,1 badkamer en 1 apart toilet,,2 woonlagen,,"Lift, mechanische ventilatie en zonnepanelen",A,Volledig geïsoleerd,Stadsverwarming en gehele vloerverwarming,Stadsverwarming,In centrum en in woonwijk,,Openbaar parkeren,https://www.funda.nl/huur/utrecht/appartement-42991063-cab-rondom-11/,Plat dak bedekt met bitumineuze dakbedekking,,,,,A,,Zonneterras,,,,,,,,,,,,,,,,,934,,2 kamers,,
13,13,CAB-rondom 9,3534 BJ,€ 927 per maand (servicekosten onbekend),Geen,Onbepaalde tijd,20 oktober 2022,Beschikbaar,In overleg,Galerijflat (appartement),Nieuwbouw,2022,,,74,,192 m³,2 kamers,1 badkamer en 1 apart toilet,,2 woonlagen,,"Lift, mechanische ventilatie en zonnepanelen",A,Volledig geïsoleerd,Stadsverwarming en gehele vloerverwarming,Stadsverwarming,In centrum en in woonwijk,,Openbaar parkeren,https://www.funda.nl/huur/utrecht/appartement-42991940-cab-rondom-9/,Plat dak bedekt met bitumineuze dakbedekking,,,,,A,,Zonneterras,,,,,,,,,,,,,,,,,927,,2 kamers,,
14,14,Plesmanlaan 50 1,3555 AP,€ 1.350 per maand (geen servicekosten),€ 1.350 eenmalig,Tijdelijke verhuur,19 oktober 2022,Beschikbaar,Beschikbaar per 7-11-2022,Galerijflat (appartement),Bestaande bouw,1957,Gemeubileerd,,61,2 m²,200 m³,2 kamers (1 slaapkamer),1 badkamer en 1 apart toilet,,1 woonlaag,3e woonlaag,Elektra,,Dubbel glas,Gaskachels,Elektrische boiler,"Aan rustige weg, in woonwijk en vrij uitzicht",Balkon aanwezig,Openbaar parkeren,https://www.funda.nl/huur/utrecht/appartement-42974406-plesmanlaan-50-1/,Plat dak bedekt met bitumineuze dakbedekking,,,,,G,,,,,,5 m²,Inpandig,,,,,,,,,,,,1.350,,2 kamers ,1 slaapkamer,
15,15,Grifthoek 104,3514 JJ,"€ 1.360 per maand (exclusief servicekosten à € 50,00 /mnd)",€ 2.720 eenmalig,Onbepaalde tijd,2 weken,Beschikbaar,Per direct beschikbaar,Portiekflat (appartement),Bestaande bouw,,,,60,,240 m³,1 kamer (1 slaapkamer),1 badkamer en 1 apart toilet,"Ligbad, douche en toilet",1 woonlaag,2e woonlaag,,,,Cv-ketel,Cv-ketel,,,,https://www.funda.nl/huur/utrecht/appartement-42970364-grifthoek-104/,,4 m²,Parkeerplaats,,,B,"Combiketel, eigendom",,,,2001-2010,6 m²,,,,,,,,,,,,,1.360,"50,00",1 kamer ,1 slaapkamer,
16,16,CAB-rondom 149,3534 BJ,€ 927 per maand (servicekosten onbekend),Geen,Onbepaalde tijd,Vandaag,Beschikbaar,In overleg,Galerijflat,Nieuwbouw,2023,,,74,11 m²,192 m³,3 kamers (2 slaapkamers),1 badkamer en 1 apart toilet,,1 woonlaag,5e woonlaag,"Lift, mechanische ventilatie en zonnepanelen",A,Volledig geïsoleerd,Stadsverwarming en gehele vloerverwarming,Stadsverwarming,In centrum en in woonwijk,Balkon aanwezig,Openbaar parkeren,https://www.funda.nl/huur/utrecht/appartement-42992399-cab-rondom-149/,Plat dak bedekt met bitumineuze dakbedekking,2 m²,,,,A,,,,,,,,,,,,,,,,,,,927,,3 kamers ,2 slaapkamers,
17,17,CAB-rondom 157,3534 BJ,€ 927 per maand (servicekosten onbekend),Geen,Onbepaalde tijd,20 oktober 2022,Beschikbaar,In overleg,Galerijflat,Nieuwbouw,2023,,,74,11 m²,192 m³,3 kamers (2 slaapkamers),1 badkamer en 1 apart toilet,,1 woonlaag,5e woonlaag,"Lift, mechanische ventilatie en zonnepanelen",A,Volledig geïsoleerd,Stadsverwarming en gehele vloerverwarming,Stadsverwarming,In centrum en in woonwijk,Balkon aanwezig,Openbaar parkeren,https://www.funda.nl/huur/utrecht/appartement-42992963-cab-rondom-157/,Plat dak bedekt met bitumineuze dakbedekking,2 m²,,,,A,,,,,,,,,,,,,,,,,,,927,,3 kamers ,2 slaapkamers,
18,18,CAB-rondom 159,3534 BJ,€ 1.610 per maand (servicekosten onbekend),Geen,Onbepaalde tijd,20 oktober 2022,Beschikbaar,In overleg,Galerijflat (appartement),Nieuwbouw,2023,,,110,42 m²,286 m³,3 kamers (2 slaapkamers),2 badkamers en 1 apart toilet,,1 woonlaag,5e woonlaag,"Lift, mechanische ventilatie en zonnepanelen",A,Volledig geïsoleerd,Stadsverwarming en gehele vloerverwarming,Stadsverwarming,In centrum en in woonwijk,Balkon aanwezig,Openbaar parkeren,https://www.funda.nl/huur/utrecht/appartement-42992057-cab-rondom-159/,Plat dak bedekt met bitumineuze dakbedekking,2 m²,,,,A,,,,,,,,,,,,,,,,,,,1.610,,3 kamers ,2 slaapkamers,
19,19,Bollenhofsestraat 39 A,3572 VH,€ 1.500 per maand (geen servicekosten),€ 1.500 eenmalig,Onbepaalde tijd,14 oktober 2022,Beschikbaar,In overleg,,Bestaande bouw,1906,,,72,,200 m³,3 kamers (2 slaapkamers),1 badkamer,Douche en toilet,3 woonlagen,,,,Volledig geïsoleerd,Cv-ketel,Cv-ketel,Aan rustige weg en in woonwijk,,Openbaar parkeren en parkeervergunningen,https://www.funda.nl/huur/utrecht/huis-42983493-bollenhofsestraat-39-a/,,,,"Eengezinswoning, hoekwoning",64 m²,Niet beschikbaar,"Combiketel uit 2018, eigendom",,,,,,,,,,,,,,,,,,1.500,,3 kamers ,2 slaapkamers,
20,20,CAB-rondom 13,3534 BJ,€ 934 per maand (servicekosten onbekend),Geen,Onbepaalde tijd,20 oktober 2022,Beschikbaar,In overleg,Maisonnette (appartement),Nieuwbouw,2022,,,75,,195 m³,2 kamers,1 badkamer en 1 apart toilet,,2 woonlagen,,"Lift, mechanische ventilatie en zonnepanelen",A,Volledig geïsoleerd,Stadsverwarming en gehele vloerverwarming,Stadsverwarming,In centrum en in woonwijk,,Openbaar parkeren,https://www.funda.nl/huur/utrecht/appartement-42991067-cab-rondom-13/,Plat dak bedekt met bitumineuze dakbedekking,,,,,A,,Zonneterras,,,,,,,,,,,,,,,,,934,,2 kamers,,
21,21,Herenstraat 6 N,3512 KC,€ 1.600 per maand (geen servicekosten),€ 1.950 eenmalig,Onbepaalde tijd,14 oktober 2022,Beschikbaar,Beschikbaar per 1-12-2022,Maisonnette (appartement),Bestaande bouw,Voor 1906,Gemeubileerd en monument,,58,,153 m³,3 kamers (1 slaapkamer),1 badkamer en 1 apart toilet,Ligbad en douche,2 woonlagen,1e woonlaag,"Mechanische ventilatie, natuurlijke ventilatie en TV kabel",,Volledig geïsoleerd,Stadsverwarming,Centrale voorziening,In centrum,,Betaald parkeren,https://www.funda.nl/huur/utrecht/appartement-42996612-herenstraat-6-n/,Zadeldak bedekt met leisteen,,,,,Niet verplicht,,,,,,,,,,,,,,,,,,,1.600,,3 kamers ,1 slaapkamer,
22,22,Euterpedreef 62,3561 CX,€ 1.300 per maand (geen servicekosten),€ 2.600 eenmalig,Onbepaalde tijd,20 oktober 2022,Beschikbaar,In overleg,Galerijflat (appartement),Bestaande bouw,1968,,,75,8 m²,233 m³,3 kamers (2 slaapkamers),1 badkamer en 1 apart toilet,Douche,1 woonlaag,5e woonlaag,"Lift, mechanische ventilatie en TV kabel",,"Dakisolatie, muurisolatie en vloerisolatie",Stadsverwarming,Elektrische boiler (huur) en stadsverwarming,In woonwijk en vrij uitzicht,Balkon aanwezig,Openbaar parkeren,https://www.funda.nl/huur/utrecht/appartement-88354989-euterpedreef-62/,Plat dak bedekt met bitumineuze dakbedekking,,,,,E,,,,,,3 m²,Inpandig,Ja,Ja,Ja,Ja,Ja,Ja,,,,,,1.300,,3 kamers ,2 slaapkamers,"2,38"
23,23,CAB-rondom 131,3534 BJ,€ 1.455 per maand (servicekosten onbekend),Geen,Onbepaalde tijd,20 oktober 2022,Beschikbaar,In overleg,Galerijflat (appartement),Nieuwbouw,2023,,,96,17 m²,249 m³,4 kamers (3 slaapkamers),2 badkamers en 1 apart toilet,,1 woonlaag,5e woonlaag,"Lift, mechanische ventilatie en zonnepanelen",A,Volledig geïsoleerd,Stadsverwarming en gehele vloerverwarming,Stadsverwarming,In centrum en in woonwijk,Balkon aanwezig,Openbaar parkeren,https://www.funda.nl/huur/utrecht/appartement-42992029-cab-rondom-131/,Plat dak bedekt met bitumineuze dakbedekking,3 m²,,,,A,,,,,,,,,,,,,,,,,,,1.455,,4 kamers ,3 slaapkamers,
24,24,Carel Willinkstraat 43,3544 MA,€ 1.650 per maand (geen servicekosten),€ 3.300 eenmalig,Tijdelijke verhuur,10 oktober 2022,Beschikbaar,Beschikbaar per 15-11-2022,,Bestaande bouw,2005,,,80,16 m²,298 m³,3 kamers (2 slaapkamers),1 apart toilet,,3 woonlagen,,Elektra en verwarming,,Volledig geïsoleerd,Stadsverwarming,Stadsverwarming,In woonwijk,,Op eigen terrein en openbaar parkeren,https://www.funda.nl/huur/utrecht/huis-88343683-carel-willinkstraat-43/,,,Parkeerplaats,"Eengezinswoning, tussenwoning",,A,,Zonneterras,,Gelegen op het zuidwesten,,,Inpandig,,,,,,,"16 m² (3,2 meter diep en 5 meter breed)",,,,,1.650,,3 kamers ,2 slaapkamers,
25,25,Pal Maleterstraat 11,3573 PE,€ 1.645 per maand (servicekosten onbekend),Geen,Onbepaalde tijd,6 weken,Beschikbaar,In overleg,Galerijflat,Bestaande bouw,1991,Gedeeltelijk gestoffeerd,,112,3 m²,272 m³,4 kamers (3 slaapkamers),,,2 woonlagen,,Lift,,,,,,,Parkeervergunningen,https://www.funda.nl/huur/utrecht/appartement-88200970-pal-maleterstraat-11/,,4 m²,,,,B,,,,,,,,,,,,,,,,,,,1.645,,4 kamers ,3 slaapkamers,
26,26,Oudenoord 256,3513 EV,"€ 1.146 per maand (exclusief servicekosten à € 30,00 /mnd)",Geen,Onbepaalde tijd,4 weken,Beschikbaar,Per direct beschikbaar,Galerijflat,Bestaande bouw,2017,,,54,,151 m³,2 kamers (1 slaapkamer),,,5 woonlagen,5e woonlaag,,,,,,,,,https://www.funda.nl/huur/utrecht/appartement-42804258-oudenoord-256/,,,Parkeerplaats,,,A,,,,,,,,Nee,Nee,Nee,Nee,Nee,Nee,,,,,,1.146,"30,00",2 kamers ,1 slaapkamer,"0,87"
27,27,Faustdreef 475,3561 LR,"€ 1.450 per maand (exclusief servicekosten à € 63,00 /mnd)",€ 1.513 eenmalig,Onbepaalde tijd,2 weken,Beschikbaar,Beschikbaar per 1-1-2023,Bovenwoning (appartement),Bestaande bouw,1967,,,80,,208 m³,4 kamers (3 slaapkamers),,,1 woonlaag,9e woonlaag,,,,,,In woonwijk,,,https://www.funda.nl/huur/utrecht/appartement-88332148-faustdreef-475/,,,,,,E,,,,,,,,Nee,Nee,Nee,Nee,Nee,Nee,,,,,,1.450,"63,00",4 kamers ,3 slaapkamers,"2,06"
28,28,Wilde rucolavliet 41,3545 CL,€ 1.235 per maand (servicekosten onbekend),€ 3.837 eenmalig,Onbepaalde tijd,14 oktober 2022,Beschikbaar,Beschikbaar per 1-12-2022,Galerijflat (appartement),Bestaande bouw,2020,,,81,8 m²,211 m³,3 kamers (2 slaapkamers),1 badkamer en 1 apart toilet,Douche,1 woonlaag,3e woonlaag,Elektra,,Dubbel glas en volledig geïsoleerd,Stadsverwarming en gedeeltelijke vloerverwarming,Stadsverwarming,Aan rustige weg en in woonwijk,Balkon aanwezig,Op eigen terrein,https://www.funda.nl/huur/utrecht/appartement-42983233-wilde-rucolavliet-41/,Plat dak bedekt met bitumineuze dakbedekking,,Parkeerplaats,,,A,,,,,,5 m²,Box,,,,,,,,,,,,1.235,,3 kamers ,2 slaapkamers,
29,29,Faustdreef 105,3561 LC,"€ 1.450 per maand (exclusief servicekosten à € 63,00 /mnd)",€ 1.513 eenmalig,Onbepaalde tijd,3 maanden,Beschikbaar,Beschikbaar per 30-11-2022,Bovenwoning (appartement),Bestaande bouw,1967,,,80,,208 m³,4 kamers (3 slaapkamers),,,1 woonlaag,6e woonlaag,,,,,,In woonwijk,,,https://www.funda.nl/huur/utrecht/appartement-88251276-faustdreef-105/,,,,,,E,,,,,,,,Nee,Nee,Nee,Nee,Nee,Nee,,"€ 1.395 per maand (exclusief servicekosten à € 63,00 /mnd)",,,,1.450,"63,00",4 kamers ,3 slaapkamers,"2,35"
30,30,Van Weerden Poelmanlaan 2,3527 KN,€ 1.350 per maand (servicekosten onbekend),€ 1.405 eenmalig,Onbepaalde tijd,3 weken,Beschikbaar,In overleg,Bovenwoning,Bestaande bouw,1968,Gestoffeerd,,92,5 m²,257 m³,3 kamers (2 slaapkamers),,,1 woonlaag,,Lift,,,Blokverwarming,Elektrische boiler (huur),,,Betaald parkeren,https://www.funda.nl/huur/utrecht/appartement-88331638-van-weerden-poelmanlaan-2/,,5 m²,Parkeerplaats,,,G,,,,,,5 m²,,,,,,,,,,,,,1.350,,3 kamers ,2 slaapkamers,
31,31,Eykmanlaan 411,3571 JR,"€ 1.200 per maand (exclusief servicekosten à € 140,00 /mnd)",Geen,Onbepaalde tijd,3 maanden,Beschikbaar,Per direct beschikbaar,Bovenwoning,Bestaande bouw,1960,,,94,,244 m³,4 kamers (3 slaapkamers),,,1 woonlaag,,,,,,,,,,https://www.funda.nl/huur/utrecht/appartement-42897483-eykmanlaan-411/,,,,,,G,,,,,,,,Nee,Nee,Nee,Nee,Nee,Nee,,,,,,1.200,"140,00",4 kamers ,3 slaapkamers,"3,53"
32,32,Amsterdamsestraatweg 233 E,3551 CC,€ 1.095 per maand (servicekosten onbekend),€ 1.095 eenmalig,Onbepaalde tijd,3 weken,Beschikbaar,Beschikbaar per 1-12-2022,Bovenwoning (appartement),Bestaande bouw,1930,,,55,10 m²,125 m³,2 kamers (1 slaapkamer),1 badkamer en 1 apart toilet,,1 woonlaag,3e woonlaag,Mechanische ventilatie en TV kabel,,,Cv-ketel,Cv-ketel,"Aan drukke weg, in centrum en vrij uitzicht",,Betaald parkeren en parkeervergunningen,https://www.funda.nl/huur/utrecht/appartement-42975720-amsterdamsestraatweg-233-e/,Plat dak bedekt met bitumineuze dakbedekking,1 m²,,,,C,"Gas gestookt, eigendom",,,,,,Inpandig,,,,,,,,,,,,1.095,,2 kamers ,1 slaapkamer,
33,33,Auriollaan 12,3527 EV,"€ 1.450 per maand (exclusief servicekosten à € 45,00 /mnd)",€ 1.495 eenmalig,Onbepaalde tijd,2 weken,Beschikbaar,Beschikbaar per 1-12-2022,Bovenwoning (appartement),Bestaande bouw,1960,,,76,,198 m³,3 kamers (2 slaapkamers),,,1 woonlaag,3e woonlaag,,,,,,In woonwijk,,,https://www.funda.nl/huur/utrecht/appartement-88335360-auriollaan-12/,,,,,,G,,,,,,,,Nee,Nee,Nee,Nee,Nee,Nee,,,,,,1.450,"45,00",3 kamers ,2 slaapkamers,"3,13"
34,34,Oudenoord 172,3513 EV,"€ 1.134 per maand (exclusief servicekosten à € 30,00 /mnd)",Geen,Onbepaalde tijd,4 weken,Beschikbaar,Per direct beschikbaar,Galerijflat,Bestaande bouw,2017,,,54,,151 m³,1 kamer (1 slaapkamer),,,1 woonlaag,,,,,,,,,,https://www.funda.nl/huur/utrecht/appartement-42953887-oudenoord-172/,,,,,,G,,,,,,,,Nee,Nee,Nee,Nee,Nee,Nee,,,,,,1.134,"30,00",1 kamer ,1 slaapkamer,"1,83"
35,35,Eykmanlaan 415,3571 JR,"€ 1.200 per maand (exclusief servicekosten à € 140,00 /mnd)",Geen,Onbepaalde tijd,4 maanden,Onder optie,Per direct beschikbaar,Bovenwoning,Bestaande bouw,1960,,,94,,244 m³,4 kamers (3 slaapkamers),,,1 woonlaag,,,,,,,,,,https://www.funda.nl/huur/utrecht/appartement-42737602-eykmanlaan-415/,,,,,,G,,,,,,,,Nee,Nee,Nee,Nee,Nee,Nee,,,,,,1.200,"140,00",4 kamers ,3 slaapkamers,"3,55"
36,36,Oud-Wulvenplantsoen 69,3523 XS,"€ 1.524 per maand (exclusief servicekosten à € 45,00 /mnd)",Geen,Onbepaalde tijd,7 weken,Beschikbaar,Beschikbaar per direct beschikbaar,Portiekwoning (appartement),Bestaande bouw,2009,,,89,10 m²,214 m³,3 kamers (2 slaapkamers),1 badkamer en 1 apart toilet,Douche,7 woonlagen,7e woonlaag,,,,,,,Balkon aanwezig,,https://www.funda.nl/huur/utrecht/appartement-42836273-oud-wulvenplantsoen-69/,,,Parkeerplaats,,,A,,,,,,,,Nee,Nee,Nee,Nee,Nee,Nee,,,,,,1.524,"45,00",3 kamers ,2 slaapkamers,
37,37,Faustdreef 37,3561 LA,"€ 1.450 per maand (exclusief servicekosten à € 63,00 /mnd)",€ 1.513 eenmalig,Onbepaalde tijd,3 maanden,Beschikbaar,Beschikbaar per 1-11-2022,Bovenwoning (appartement),Bestaande bouw,1967,,,80,,208 m³,4 kamers (3 slaapkamers),,,1 woonlaag,2e woonlaag,,,,,,In woonwijk,,,https://www.funda.nl/huur/utrecht/appartement-88231535-faustdreef-37/,,,,,,E,,,,,,,,Nee,Nee,Nee,Nee,Nee,Nee,,"€ 1.395 per maand (exclusief servicekosten à € 63,00 /mnd)",,,,1.450,"63,00",4 kamers ,3 slaapkamers,"2,35"
38,38,Faustdreef 437,3561 LP,"€ 1.450 per maand (exclusief servicekosten à € 63,00 /mnd)",€ 1.513 eenmalig,Onbepaalde tijd,2 maanden,Beschikbaar,Beschikbaar per 1-1-2023,Bovenwoning (appartement),Bestaande bouw,1967,,,80,,208 m³,4 kamers (3 slaapkamers),,,1 woonlaag,8e woonlaag,,,,,,In woonwijk,,,https://www.funda.nl/huur/utrecht/appartement-88276665-faustdreef-437/,,,,,,F,,,,,,,,Nee,Nee,Nee,Nee,Nee,Nee,,"€ 1.395 per maand (exclusief servicekosten à € 63,00 /mnd)",,,,1.450,"63,00",4 kamers ,3 slaapkamers,"2,41"
39,39,Tannhäuserdreef 176,3561 HL,"€ 1.450 per maand (exclusief servicekosten à € 63,00 /mnd)",€ 1.513 eenmalig,Onbepaalde tijd,7 weken,Beschikbaar,Beschikbaar per direct beschikbaar,Bovenwoning (appartement),Bestaande bouw,1965,,,80,,208 m³,4 kamers (3 slaapkamers),,,1 woonlaag,6e woonlaag,,,,,,In woonwijk,,,https://www.funda.nl/huur/utrecht/appartement-88291925-tannhauserdreef-176/,,,,,,C,,,,,,,,Nee,Nee,Nee,Nee,Nee,Nee,,"€ 1.350 per maand (exclusief servicekosten à € 63,00 /mnd)",,,,1.450,"63,00",4 kamers ,3 slaapkamers,"1,58"
40,40,Reyer Anslostraat 143 P,3522 DJ,€ 165 per maand (geen servicekosten),€ 200 eenmalig,Onbepaalde tijd,6+ maanden,Beschikbaar,Per direct beschikbaar,,Nieuwbouw,,,,,,,,,,,,,,,,,,,Parkeerplaats,https://www.funda.nl/huur/utrecht/parkeergelegenheid-88950812-reyer-anslostraat-143-p/,,,,,,,,,,,,,,,,,,,,,€ 180 per maand (geen servicekosten),1.0,,,165,,,,
41,41,Faustdreef 135,3561 LD,"€ 1.450 per maand (exclusief servicekosten à € 63,00 /mnd)",€ 1.513 eenmalig,Onbepaalde tijd,2 maanden,Beschikbaar,Beschikbaar per 1-12-2022,Bovenwoning (appartement),Bestaande bouw,1967,,,80,,208 m³,4 kamers (3 slaapkamers),,,1 woonlaag,7e woonlaag,,,,,,In woonwijk,,,https://www.funda.nl/huur/utrecht/appartement-88275024-faustdreef-135/,,,,,,E,,,,,,,,Nee,Nee,Nee,Nee,Nee,Nee,,"€ 1.395 per maand (exclusief servicekosten à € 63,00 /mnd)",,,,1.450,"63,00",4 kamers ,3 slaapkamers,"2,35"
42,42,Moreelsehoek 396,3511 EZ,"€ 1.073 per maand (exclusief servicekosten à € 80,00 /mnd)",Geen,Onbepaalde tijd,8 oktober 2022,Beschikbaar,Per direct beschikbaar,Bovenwoning (open portiek),Bestaande bouw,2020,,,50,,130 m³,1 kamer (1 slaapkamer),,,1 woonlaag,,,,,,,,,,https://www.funda.nl/huur/utrecht/appartement-42985440-moreelsehoek-396/,,,,,,Niet beschikbaar,,,,,,,,,,,,,,,,,,,1.073,"80,00",1 kamer ,1 slaapkamer,
43,43,Faustdreef 439,3561 LP,"€ 1.450 per maand (exclusief servicekosten à € 63,00 /mnd)",€ 1.513 eenmalig,Onbepaalde tijd,3 maanden,Beschikbaar,Beschikbaar per 1-12-2022,Bovenwoning (appartement),Bestaande bouw,1967,,,80,,208 m³,4 kamers (3 slaapkamers),,,1 woonlaag,8e woonlaag,,,,,,In woonwijk,,,https://www.funda.nl/huur/utrecht/appartement-88245559-faustdreef-439/,,,,,,E,,,,,,,,Nee,Nee,Nee,Nee,Nee,Nee,,"€ 1.395 per maand (exclusief servicekosten à € 63,00 /mnd)",,,,1.450,"63,00",4 kamers ,3 slaapkamers,"2,35"
44,44,Nijenoord 219,3552 AS,"€ 1.023 per maand (exclusief servicekosten à € 55,00 /mnd)",Geen,Onbepaalde tijd,6+ maanden,Beschikbaar,Per direct beschikbaar,Bovenwoning,Bestaande bouw,1958,,,52,,135 m³,2 kamers (1 slaapkamer),,,1 woonlaag,,,,,,,,,,https://www.funda.nl/huur/utrecht/appartement-42638953-nijenoord-219/,,,,,,Niet beschikbaar,,,,,,,,Nee,Nee,Nee,Nee,Nee,Nee,,,,,,1.023,"55,00",2 kamers ,1 slaapkamer,
45,45,Faustdreef 473,3561 LR,"€ 1.395 per maand (exclusief servicekosten à € 63,00 /mnd)",€ 1.458 eenmalig,Onbepaalde tijd,5 maanden,Beschikbaar,Beschikbaar per direct beschikbaar,Bovenwoning (appartement),Bestaande bouw,1967,,,80,,208 m³,4 kamers (3 slaapkamers),,,1 woonlaag,9e woonlaag,,,,,,In woonwijk,,,https://www.funda.nl/huur/utrecht/appartement-88145062-faustdreef-473/,,,,,,E,,,,,,,,Nee,Nee,Nee,Nee,Nee,Nee,,,,,,1.395,"63,00",4 kamers ,3 slaapkamers,"2,06"
46,46,Breedstraat 28,3512 TX,€ 1.400 per maand (geen servicekosten),€ 1.400 eenmalig,Tijdelijke verhuur,2 weken,Beschikbaar,Per direct beschikbaar,Benedenwoning,Bestaande bouw,1993,,,48,,300 m³,2 kamers (1 slaapkamer),,,1 woonlaag,Begane grond,,C,,,,,,,https://www.funda.nl/huur/utrecht/appartement-88338588-breedstraat-28/,,,,,,C,,,,,,,,,,,,,,,€ 1.500 per maand (geen servicekosten),,,,1.400,,2 kamers ,1 slaapkamer,
47,47,Catharijnesingel 74 C,3511 GM,"€ 1.600 per maand (exclusief servicekosten à € 250,00 /mnd)",€ 3.700 eenmalig,Tijdelijke verhuur,3 weken,Beschikbaar,Per direct beschikbaar,Bovenwoning,Bestaande bouw,1920,,,32,,95 m³,2 kamers (1 slaapkamer),,,1 woonlaag,,,G,,,,,,,https://www.funda.nl/huur/utrecht/appartement-88332938-catharijnesingel-74-c/,,,,,,G,,,,,,,,,,,,,,,,,,,1.600,"250,00",2 kamers ,1 slaapkamer,
48,48,Wisselstraat 78,3551 WG,€ 1.600 per maand (geen servicekosten),€ 3.200 eenmalig,Tijdelijke verhuur,5 weken,Beschikbaar,Per direct beschikbaar,Bovenwoning,Bestaande bouw,Na 2020,,,47,5 m²,156 m³,2 kamers (1 slaapkamer),,,1 woonlaag,,,,,,,,,,https://www.funda.nl/huur/utrecht/appartement-88313747-wisselstraat-78/,,,,,,Niet beschikbaar,,,,,,,,,,,,,,,,,,,1.600,,2 kamers ,1 slaapkamer,
49,49,Marshalllaan 352 A,3527 TW,"€ 1.325 per maand (exclusief servicekosten à € 45,00 /mnd)",€ 1.370 eenmalig,Onbepaalde tijd,7 weken,Beschikbaar,Beschikbaar per direct beschikbaar,Bovenwoning (appartement),Bestaande bouw,1960,,,78,,203 m³,4 kamers (3 slaapkamers),,,1 woonlaag,,,,,,,In woonwijk,,,https://www.funda.nl/huur/utrecht/appartement-88291897-marshalllaan-352-a/,,,,,,Niet beschikbaar,,,,,,,,Nee,Nee,Nee,Nee,Nee,Nee,,,,,,1.325,"45,00",4 kamers ,3 slaapkamers,
50,50,Tannhäuserdreef 274,3561 HR,"€ 1.450 per maand (exclusief servicekosten à € 63,00 /mnd)",€ 1.513 eenmalig,Onbepaalde tijd,3 maanden,Beschikbaar,Beschikbaar per 1-11-2022,Bovenwoning (appartement),Bestaande bouw,1965,,,80,,208 m³,4 kamers (3 slaapkamers),,,1 woonlaag,2e woonlaag,,,,,,In woonwijk,,,https://www.funda.nl/huur/utrecht/appartement-88228309-tannhauserdreef-274/,,,,,,D,,,,,,,,Nee,Nee,Nee,Nee,Nee,Nee,,"€ 1.395 per maand (exclusief servicekosten à € 63,00 /mnd)",,,,1.450,"63,00",4 kamers ,3 slaapkamers,"1,95"
51,51,Tannhäuserdreef 316,3561 HS,"€ 1.450 per maand (exclusief servicekosten à € 63,00 /mnd)",€ 1.513 eenmalig,Onbepaalde tijd,4 maanden,Beschikbaar,Beschikbaar per 1-11-2022,Bovenwoning (appartement),Bestaande bouw,1965,,,80,,208 m³,4 kamers (3 slaapkamers),,,1 woonlaag,3e woonlaag,,,,,,In woonwijk,,,https://www.funda.nl/huur/utrecht/appartement-88214220-tannhauserdreef-316/,,,,,,D,,,,,,,,Nee,Nee,Nee,Nee,Nee,Nee,,"€ 1.395 per maand (exclusief servicekosten à € 63,00 /mnd)",,,,1.450,"63,00",4 kamers ,3 slaapkamers,"1,77"
52,52,Moreelsehoek 190,3511 EZ,"€ 1.096 per maand (exclusief servicekosten à € 80,00 /mnd)",Geen,Onbepaalde tijd,6 weken,Beschikbaar,Per direct beschikbaar,Bovenwoning,Bestaande bouw,2020,,,122,,184 m³,3 kamers,,,1 woonlaag,,,,,,,,,,https://www.funda.nl/huur/utrecht/appartement-42847502-moreelsehoek-190/,,,,,,Niet beschikbaar,,,,,,,,Nee,Nee,Nee,Nee,Nee,Nee,,,,,,1.096,"80,00",3 kamers,,
53,53,Tannhäuserdreef 136,3561 HK,"€ 1.450 per maand (exclusief servicekosten à € 63,00 /mnd)",€ 1.513 eenmalig,Onbepaalde tijd,5 maanden,Beschikbaar,Beschikbaar per 1-11-2022,Bovenwoning (appartement),Bestaande bouw,1965,,,80,,208 m³,4 kamers (3 slaapkamers),,,1 woonlaag,5e woonlaag,,,,,,In woonwijk,,,https://www.funda.nl/huur/utrecht/appartement-88169457-tannhauserdreef-136/,,,,,,D,,,,,,,,Nee,Nee,Nee,Nee,Nee,Nee,,"€ 1.395 per maand (exclusief servicekosten à € 63,00 /mnd)",,,,1.450,"63,00",4 kamers ,3 slaapkamers,"1,89"
54,54,Nijenoord 315,3552 AS,"€ 1.411 per maand (exclusief servicekosten à € 55,00 /mnd)",Geen,Onbepaalde tijd,2 maanden,Onder optie,Per direct beschikbaar,Bovenwoning,Bestaande bouw,1957,,,97,,252 m³,4 kamers (3 slaapkamers),,,1 woonlaag,,,,,,,Zeezicht,,,https://www.funda.nl/huur/utrecht/appartement-42817532-nijenoord-315/,,,,,,Niet beschikbaar,,,,,,,,Nee,Nee,Nee,Nee,Nee,Nee,,,,,,1.411,"55,00",4 kamers ,3 slaapkamers,
55,55,Tannhäuserdreef 178,3561 HL,"€ 1.450 per maand (exclusief servicekosten à € 63,00 /mnd)",€ 1.513 eenmalig,Onbepaalde tijd,3 maanden,Beschikbaar,Beschikbaar per 1-11-2022,Bovenwoning (appartement),Bestaande bouw,1965,,,80,,208 m³,4 kamers (3 slaapkamers),,,1 woonlaag,6e woonlaag,,,,,,In woonwijk,,,https://www.funda.nl/huur/utrecht/appartement-88228346-tannhauserdreef-178/,,,,,,D,,,,,,,,Nee,Nee,Nee,Nee,Nee,Nee,,"€ 1.395 per maand (exclusief servicekosten à € 63,00 /mnd)",,,,1.450,"63,00",4 kamers ,3 slaapkamers,"1,72"
56,56,Moreelsehoek 268,3511 EZ,"€ 1.040 per maand (exclusief servicekosten à € 80,00 /mnd)",Geen,Onbepaalde tijd,6+ maanden,Beschikbaar,Per direct beschikbaar,Tussenverdieping,Bestaande bouw,2020,,,50,,130 m³,1 kamer (1 slaapkamer),,,1 woonlaag,,,,,,,Vrij uitzicht,,,https://www.funda.nl/huur/utrecht/appartement-42694462-moreelsehoek-268/,,,,,,Niet beschikbaar,,,,,,,,Nee,Nee,Nee,Nee,Nee,Nee,,,,,,1.040,"80,00",1 kamer ,1 slaapkamer,
57,57,Faustdreef 333,3561 LK,"€ 1.450 per maand (exclusief servicekosten à € 63,00 /mnd)",€ 1.513 eenmalig,Onbepaalde tijd,3 maanden,Beschikbaar,Beschikbaar per 30-11-2022,Bovenwoning (appartement),Bestaande bouw,1967,,,80,,208 m³,4 kamers (3 slaapkamers),,,1 woonlaag,4e woonlaag,,,,,,In woonwijk,,,https://www.funda.nl/huur/utrecht/appartement-88245541-faustdreef-333/,,,,,,F,,,,,,,,Nee,Nee,Nee,Nee,Nee,Nee,,"€ 1.395 per maand (exclusief servicekosten à € 63,00 /mnd)",,,,1.450,"63,00",4 kamers ,3 slaapkamers,"2,41"
58,58,Tannhäuserdreef 330,3561 HT,"€ 1.450 per maand (exclusief servicekosten à € 63,00 /mnd)",€ 1.513 eenmalig,Onbepaalde tijd,3 maanden,Beschikbaar,Beschikbaar per 1-11-2022,Bovenwoning (appartement),Bestaande bouw,1965,,,80,,208 m³,4 kamers (3 slaapkamers),,,1 woonlaag,4e woonlaag,,,,,,In woonwijk,,,https://www.funda.nl/huur/utrecht/appartement-88226167-tannhauserdreef-330/,,,,,,D,,,,,,,,Nee,Nee,Nee,Nee,Nee,Nee,,"€ 1.395 per maand (exclusief servicekosten à € 63,00 /mnd)",,,,1.450,"63,00",4 kamers ,3 slaapkamers,"1,95"
59,59,Faustdreef 411,3561 LN,"€ 1.395 per maand (exclusief servicekosten à € 63,00 /mnd)",€ 1.458 eenmalig,Onbepaalde tijd,4 maanden,Beschikbaar,Beschikbaar per direct beschikbaar,Bovenwoning (appartement),Bestaande bouw,1967,,,80,,208 m³,4 kamers (3 slaapkamers),,,1 woonlaag,7e woonlaag,,,,,,In woonwijk,,,https://www.funda.nl/huur/utrecht/appartement-88182284-faustdreef-411/,,,,,,E,,,,,,,,Nee,Nee,Nee,Nee,Nee,Nee,,,,,,1.395,"63,00",4 kamers ,3 slaapkamers,"2,35"
60,60,Twellosebeeklaan 123,3521 DR,€ 1.040 per maand (geen servicekosten),Geen,Onbepaalde tijd,10 oktober 2022,Beschikbaar,In overleg,Galerijflat,Nieuwbouw,2022,,,50,9 m²,130 m³,2 kamers (1 slaapkamer),,,5 woonlagen,1e woonlaag,,A,,,,,Balkon aanwezig,,https://www.funda.nl/huur/utrecht/appartement-42989635-twellosebeeklaan-123/,,,Parkeerplaats,,,A,,,,,,,,Nee,Nee,Nee,Nee,Nee,Nee,,,,,,1.040,,2 kamers ,1 slaapkamer,
61,61,Twellosebeeklaan 325,3521 DR,€ 1.510 per maand (geen servicekosten),Geen,Onbepaalde tijd,10 oktober 2022,Beschikbaar,In overleg,Galerijflat,Nieuwbouw,2022,,,80,6 m²,209 m³,3 kamers (2 slaapkamers),,,5 woonlagen,5e woonlaag,,A,,,,,,,https://www.funda.nl/huur/utrecht/appartement-42989612-twellosebeeklaan-325/,,,Parkeerplaats,,,A,,,,,,,,Nee,Nee,Nee,Nee,Nee,Nee,,,,,,1.510,,3 kamers ,2 slaapkamers,
62,62,Visarendhof,3582 DR,€ 140 per maand (geen servicekosten),€ 100 eenmalig,Onbepaalde tijd,8 weken,Beschikbaar,Per direct beschikbaar,,Bestaande bouw,,,,,,,,,,,,,,,,,,,Parkeerplaats,https://www.funda.nl/huur/utrecht/parkeergelegenheid-42821104-visarendhof/,,,,,,,,,,,,,,,,,,,,,,1.0,,,140,,,,
63,63,Voorsterbeeklaan,3521 DE,€ 100 per maand (geen servicekosten),€ 200 eenmalig,Onbepaalde tijd,17 oktober 2022,Beschikbaar,Per direct beschikbaar,,Bestaande bouw,,,,,,,,,,,,,,,,,,,Parkeerkelder,https://www.funda.nl/huur/utrecht/parkeergelegenheid-88339577-voorsterbeeklaan/,,,,,,,,,,,,,,,,,,,,,,1.0,,,100,,,,
64,64,Twellosebeeklaan 193,3521 DR,€ 1.150 per maand (geen servicekosten),Geen,Onbepaalde tijd,10 oktober 2022,Beschikbaar,In overleg,Galerijflat,Nieuwbouw,2022,,,52,6 m²,134 m³,2 kamers (1 slaapkamer),,,5 woonlagen,2e woonlaag,,A,,,,,,,https://www.funda.nl/huur/utrecht/appartement-42989624-twellosebeeklaan-193/,,,Parkeerplaats,,,A,,,,,,,,Nee,Nee,Nee,Nee,Nee,Nee,,,,,,1.150,,2 kamers ,1 slaapkamer,
65,65,Twellosebeeklaan 293,3521 DR,€ 1.070 per maand (geen servicekosten),Geen,Onbepaalde tijd,10 oktober 2022,Beschikbaar,In overleg,Galerijflat,Nieuwbouw,2022,,,50,4 m²,130 m³,2 kamers (1 slaapkamer),,,5 woonlagen,5e woonlaag,,A,,,,,Balkon aanwezig,,https://www.funda.nl/huur/utrecht/appartement-42989611-twellosebeeklaan-293/,,,Parkeerplaats,,,A,,,,,,,,Nee,Nee,Nee,Nee,Nee,Nee,,,,,,1.070,,2 kamers ,1 slaapkamer,
66,66,Twellosebeeklaan 281,3521 DR,€ 1.500 per maand (geen servicekosten),Geen,Onbepaalde tijd,10 oktober 2022,Beschikbaar,In overleg,Galerijflat,Nieuwbouw,2022,,,80,6 m²,209 m³,3 kamers (2 slaapkamers),,,5 woonlagen,4e woonlaag,,A,,,,,,,https://www.funda.nl/huur/utrecht/appartement-42989618-twellosebeeklaan-281/,,,Parkeerplaats,,,A,,,,,,,,Nee,Nee,Nee,Nee,Nee,Nee,,,,,,1.500,,3 kamers ,2 slaapkamers,
67,67,Twellosebeeklaan 183,3521 DR,€ 950 per maand (geen servicekosten),Geen,Onbepaalde tijd,10 oktober 2022,Beschikbaar,In overleg,Galerijflat,Nieuwbouw,2022,,,49,4 m²,128 m³,2 kamers (1 slaapkamer),,,5 woonlagen,2e woonlaag,,A,,,,,Balkon aanwezig,,https://www.funda.nl/huur/utrecht/appartement-42989619-twellosebeeklaan-183/,,,Parkeerkelder,,,A,,,,,,,,Nee,Nee,Nee,Nee,Nee,Nee,,,,,,950,,2 kamers ,1 slaapkamer,
68,68,Twellosebeeklaan 291,3521 DR,€ 1.070 per maand (geen servicekosten),Geen,Onbepaalde tijd,10 oktober 2022,Beschikbaar,In overleg,Galerijflat,Nieuwbouw,2022,,,49,4 m²,128 m³,2 kamers (1 slaapkamer),,,5 woonlagen,5e woonlaag,,A,,,,,Balkon aanwezig,,https://www.funda.nl/huur/utrecht/appartement-42989625-twellosebeeklaan-291/,,,Parkeerplaats,,,A,,,,,,,,Nee,Nee,Nee,Nee,Nee,Nee,,,,,,1.070,,2 kamers ,1 slaapkamer,
69,69,Twellosebeeklaan 237,3521 DR,€ 1.500 per maand (geen servicekosten),Geen,Onbepaalde tijd,10 oktober 2022,Beschikbaar,In overleg,Galerijflat,Nieuwbouw,2022,,,80,6 m²,209 m³,3 kamers (2 slaapkamers),,,5 woonlagen,3e woonlaag,,A,,,,,,,https://www.funda.nl/huur/utrecht/appartement-42989623-twellosebeeklaan-237/,,,Parkeerplaats,,,A,,,,,,,,Nee,Nee,Nee,Nee,Nee,Nee,,,,,,1.500,,3 kamers ,2 slaapkamers,
70,70,Twellosebeeklaan 139,3521 DR,€ 1.040 per maand (geen servicekosten),Geen,Onbepaalde tijd,10 oktober 2022,Beschikbaar,In overleg,Galerijflat,Nieuwbouw,2022,,,46,10 m²,120 m³,2 kamers (1 slaapkamer),,,5 woonlagen,1e woonlaag,,A,,,,,,,https://www.funda.nl/huur/utrecht/appartement-42989627-twellosebeeklaan-139/,,,Parkeerplaats,,,A,,,,,,,,Nee,Nee,Nee,Nee,Nee,Nee,,,,,,1.040,,2 kamers ,1 slaapkamer,
71,71,Twellosebeeklaan 295,3521 DR,€ 1.070 per maand (geen servicekosten),Geen,Onbepaalde tijd,10 oktober 2022,Beschikbaar,In overleg,Galerijflat,Nieuwbouw,2022,,,50,4 m²,130 m³,2 kamers (1 slaapkamer),,,5 woonlagen,5e woonlaag,,A,,,,,Balkon aanwezig,,https://www.funda.nl/huur/utrecht/appartement-42989626-twellosebeeklaan-295/,,,Parkeerplaats,,,A,,,,,,,,Nee,Nee,Nee,Nee,Nee,Nee,,,,,,1.070,,2 kamers ,1 slaapkamer,
72,72,Twellosebeeklaan 141,3521 DR,€ 1.525 per maand (geen servicekosten),Geen,Onbepaalde tijd,10 oktober 2022,Beschikbaar,In overleg,Galerijflat,Nieuwbouw,2022,,,81,6 m²,210 m³,3 kamers (2 slaapkamers),,,5 woonlagen,1e woonlaag,,A,,,,,,,https://www.funda.nl/huur/utrecht/appartement-42989628-twellosebeeklaan-141/,,,Parkeerplaats,,,A,,,,,,,,Nee,Nee,Nee,Nee,Nee,Nee,,,,,,1.525,,3 kamers ,2 slaapkamers,
73,73,Twellosebeeklaan 159,3521 DR,€ 950 per maand (geen servicekosten),Geen,Onbepaalde tijd,10 oktober 2022,Beschikbaar,In overleg,Galerijflat,Nieuwbouw,2022,,,49,4 m²,128 m³,2 kamers (1 slaapkamer),,,5 woonlagen,2e woonlaag,,A,,,,,Balkon aanwezig,,https://www.funda.nl/huur/utrecht/appartement-42989621-twellosebeeklaan-159/,,,Parkeerplaats,,,A,,,,,,,,Nee,Nee,Nee,Nee,Nee,Nee,,,,,,950,,2 kamers ,1 slaapkamer,
74,74,Twellosebeeklaan 143,3521 DR,€ 1.500 per maand (geen servicekosten),Geen,Onbepaalde tijd,10 oktober 2022,Beschikbaar,In overleg,Galerijflat,Nieuwbouw,2022,,,81,6 m²,210 m³,3 kamers (2 slaapkamers),,,5 woonlagen,1e woonlaag,,A,,,,,,,https://www.funda.nl/huur/utrecht/appartement-42989616-twellosebeeklaan-143/,,,Parkeerplaats,,,A,,,,,,,,Nee,Nee,Nee,Nee,Nee,Nee,,,,,,1.500,,3 kamers ,2 slaapkamers,
75,75,Marshalllaan 387,3527 TK,"€ 1.450 per maand (exclusief servicekosten à € 45,00 /mnd)",€ 1.495 eenmalig,Onbepaalde tijd,8 weken,Beschikbaar,Beschikbaar per 1-1-2023,Bovenwoning (appartement),Bestaande bouw,1960,,,78,,203 m³,3 kamers (2 slaapkamers),,,1 woonlaag,3e woonlaag,,,,,,In woonwijk,,,https://www.funda.nl/huur/utrecht/appartement-88289616-marshalllaan-387/,,,,,,E,,,,,,,,Nee,Nee,Nee,Nee,Nee,Nee,,"€ 1.395 per maand (exclusief servicekosten à € 45,00 /mnd)",,,,1.450,"45,00",3 kamers ,2 slaapkamers,"2,19"
76,76,Monnetlaan 81,3527 GN,"€ 1.450 per maand (exclusief servicekosten à € 45,00 /mnd)",€ 1.495 eenmalig,Onbepaalde tijd,3 weken,Beschikbaar,Beschikbaar per 1-11-2022,Bovenwoning (appartement),Bestaande bouw,1960,,,76,,198 m³,3 kamers (2 slaapkamers),,,1 woonlaag,1e woonlaag,,,,,,In woonwijk,,,https://www.funda.nl/huur/utrecht/appartement-88327842-monnetlaan-81/,,,,,,E,,,,,,,,Nee,Nee,Nee,Nee,Nee,Nee,,,,,,1.450,"45,00",3 kamers ,2 slaapkamers,"2,03"
77,77,Marshalllaan 333,3527 TJ,"€ 725 per maand (exclusief servicekosten à € 45,00 /mnd)",€ 770 eenmalig,Onbepaalde tijd,2 weken,Beschikbaar,Beschikbaar per 1-12-2022,Bovenwoning (appartement),Bestaande bouw,1960,,,41,,107 m³,2 kamers (1 slaapkamer),,,1 woonlaag,3e woonlaag,,,,,,In woonwijk,,,https://www.funda.nl/huur/utrecht/appartement-88339649-marshalllaan-333/,,,,,,D,,,,,,,,Nee,Nee,Nee,Nee,Nee,Nee,,,,,,725,"45,00",2 kamers ,1 slaapkamer,"1,96"
78,78,Twellosebeeklaan 315,3521 DR,€ 1.070 per maand (geen servicekosten),Geen,Onbepaalde tijd,10 oktober 2022,Beschikbaar,In overleg,Galerijflat,Nieuwbouw,2022,,,49,4 m²,128 m³,2 kamers (1 slaapkamer),,,5 woonlagen,5e woonlaag,,A,,,,,Balkon aanwezig,,https://www.funda.nl/huur/utrecht/appartement-42989629-twellosebeeklaan-315/,,,Parkeerplaats,,,A,,,,,,1 m²,,Nee,Nee,Nee,Nee,Nee,Nee,,,,,,1.070,,2 kamers ,1 slaapkamer,
79,79,Twellosebeeklaan 149,3521 DR,€ 1.175 per maand (geen servicekosten),Geen,Onbepaalde tijd,10 oktober 2022,Beschikbaar,In overleg,Galerijflat,Nieuwbouw,2022,,,53,6 m²,137 m³,2 kamers (1 slaapkamer),,,5 woonlagen,1e woonlaag,,A,,,,,,,https://www.funda.nl/huur/utrecht/appartement-42989610-twellosebeeklaan-149/,,,Parkeerplaats,,,A,,,,,,,,Nee,Nee,Nee,Nee,Nee,Nee,,,,,,1.175,,2 kamers ,1 slaapkamer,
80,80,Marshalllaan 311,3527 TH,"€ 1.450 per maand (exclusief servicekosten à € 45,00 /mnd)",€ 1.495 eenmalig,Onbepaalde tijd,7 weken,Beschikbaar,Beschikbaar per direct beschikbaar,Bovenwoning (appartement),Bestaande bouw,1960,,,78,,203 m³,3 kamers (2 slaapkamers),,,1 woonlaag,4e woonlaag,,,,,,In woonwijk,,,https://www.funda.nl/huur/utrecht/appartement-88293463-marshalllaan-311/,,,,,,G,,,,,,,,Nee,Nee,Nee,Nee,Nee,Nee,,"€ 1.395 per maand (exclusief servicekosten à € 45,00 /mnd)",,,,1.450,"45,00",3 kamers ,2 slaapkamers,"3,33"
81,81,Monnetlaan 83 A,3527 GN,"€ 1.350 per maand (exclusief servicekosten à € 45,00 /mnd)",€ 1.395 eenmalig,Onbepaalde tijd,4 weken,Beschikbaar,Beschikbaar per 1-11-2022,Bovenwoning (appartement),Bestaande bouw,1960,,,57,,148 m³,3 kamers (2 slaapkamers),,,1 woonlaag,,,,,,,In woonwijk,,,https://www.funda.nl/huur/utrecht/appartement-88320624-monnetlaan-83-a/,,,,,,Niet beschikbaar,,,,,,,,Nee,Nee,Nee,Nee,Nee,Nee,,,,,,1.350,"45,00",3 kamers ,2 slaapkamers,
82,82,Twellosebeeklaan 117,3521 DR,€ 965 per maand (geen servicekosten),Geen,Onbepaalde tijd,10 oktober 2022,Beschikbaar,In overleg,Galerijflat,Nieuwbouw,2022,,,50,9 m²,130 m³,2 kamers (1 slaapkamer),,,5 woonlagen,1e woonlaag,,A,,,,,,,https://www.funda.nl/huur/utrecht/appartement-42989615-twellosebeeklaan-117/,,,,,,A,,,,,,,,Nee,Nee,Nee,Nee,Nee,Nee,,,,,,965,,2 kamers ,1 slaapkamer,
83,83,Twellosebeeklaan 115,3521 DR,€ 1.040 per maand (geen servicekosten),Geen,Onbepaalde tijd,10 oktober 2022,Beschikbaar,In overleg,Galerijflat,Nieuwbouw,2022,,,47,10 m²,122 m³,2 kamers (1 slaapkamer),,,5 woonlagen,1e woonlaag,,A,,,,,,,https://www.funda.nl/huur/utrecht/appartement-42989620-twellosebeeklaan-115/,,,Parkeerplaats,,,A,,,,,,,,Nee,Nee,Nee,Nee,Nee,Nee,,,,,,1.040,,2 kamers ,1 slaapkamer,
84,84,Van Sijpesteijnkade 17 B,3521 AH,€ 1.450 per maand (geen servicekosten),Geen,Onbepaalde tijd,3 maanden,Beschikbaar,Per direct beschikbaar,Galerijflat,Nieuwbouw,2022,,,55,,143 m³,2 kamers (1 slaapkamer),1 badkamer,,14 woonlagen,4e woonlaag,,,,,,,,,https://www.funda.nl/huur/utrecht/appartement-42886785-van-sijpesteijnkade-17-b/,,,,,,Niet beschikbaar,,,,,,,,Nee,Nee,Nee,Nee,Nee,Nee,,,,,,1.450,,2 kamers ,1 slaapkamer,
85,85,Hickorylaan 108,3545 CT,"€ 1.264 per maand (exclusief servicekosten à € 65,00 /mnd)",Geen,Onbepaalde tijd,2 maanden,Onder optie,In overleg,Galerijflat (appartement),Nieuwbouw,2022,,,98,40 m²,254 m³,3 kamers (2 slaapkamers),1 badkamer en 1 apart toilet,Ligbad,1 woonlaag,2e woonlaag,Lift en mechanische ventilatie,A,Volledig geïsoleerd,Stadsverwarming en gehele vloerverwarming,Stadsverwarming,In woonwijk,Balkon aanwezig,Openbaar parkeren en parkeergarage,https://www.funda.nl/huur/utrecht/appartement-42813337-hickorylaan-108/,Plat dak bedekt met bitumineuze dakbedekking,4 m²,Parkeerkelder en parkeerplaats,,,A,,,,,,,,,,,,,,,,,,,1.264,"65,00",3 kamers ,2 slaapkamers,
86,86,Abstederdijk 133,3582 BE,€ 1.600 per maand (geen servicekosten),€ 1.600 eenmalig,Onbepaalde tijd,2 weken,Onder optie,In overleg,,Bestaande bouw,Voor 1906,,,87,,260 m³,4 kamers (2 slaapkamers),2 badkamers,Douche en 2 toiletten,2 woonlagen en een zolder,,,F,Dakisolatie en dubbel glas,Cv-ketel,Cv-ketel,Aan rustige weg en in woonwijk,,Openbaar parkeren,https://www.funda.nl/huur/utrecht/huis-42973121-abstederdijk-133/,Zadeldak,,,"Eengezinswoning, hoekwoning",89 m²,F,"Combiketel, eigendom",Achtertuin,45 m² (9 meter diep en 5 meter breed),,,5 m²,Aangebouwde houten berging,,,,,,,,,,,,1.600,,4 kamers ,2 slaapkamers,
87,87,Hickorylaan 302,3545 CT,"€ 1.169 per maand (exclusief servicekosten à € 65,00 /mnd)",Geen,Onbepaalde tijd,2 maanden,Onder optie,In overleg,Galerijflat (appartement),Nieuwbouw,2022,,,82,6 m²,213 m³,3 kamers (2 slaapkamers),1 badkamer en 1 apart toilet,Ligbad,1 woonlaag,2e woonlaag,Lift en mechanische ventilatie,A,Volledig geïsoleerd,Stadsverwarming,Stadsverwarming,In woonwijk,Balkon aanwezig,Openbaar parkeren en parkeergarage,https://www.funda.nl/huur/utrecht/appartement-42814578-hickorylaan-302/,Plat dak bedekt met bitumineuze dakbedekking,3 m²,Parkeerkelder en parkeerplaats,,,A,,,,,,,,,,,,,,,,,,,1.169,"65,00",3 kamers ,2 slaapkamers,
88,88,Hickorylaan 258,3545 CT,"€ 1.329 per maand (exclusief servicekosten à € 65,00 /mnd)",Geen,Onbepaalde tijd,2 maanden,Onder optie,In overleg,Maisonnette (appartement),Nieuwbouw,2022,,,108,4 m²,281 m³,4 kamers (2 slaapkamers),1 apart toilet,,2 woonlagen,,Lift en mechanische ventilatie,A,Volledig geïsoleerd,Stadsverwarming en gehele vloerverwarming,Stadsverwarming,In woonwijk,,Openbaar parkeren en parkeergarage,https://www.funda.nl/huur/utrecht/appartement-42814467-hickorylaan-258/,Plat dak bedekt met bitumineuze dakbedekking,5 m²,Parkeerkelder en parkeerplaats,,,A,,Zonneterras,,,,,,,,,,,,,,,,,1.329,"65,00",4 kamers ,2 slaapkamers,
89,89,Van Sijpesteijnkade 17 G,3521 AH,€ 950 per maand (geen servicekosten),Geen,Onbepaalde tijd,3 maanden,Beschikbaar,Per direct beschikbaar,Galerijflat,Nieuwbouw,2022,,,43,,112 m³,2 kamers (1 slaapkamer),1 badkamer,,14 woonlagen,4e woonlaag,,,,,,,,,https://www.funda.nl/huur/utrecht/appartement-42886549-van-sijpesteijnkade-17-g/,,,,,,Niet beschikbaar,,,,,,,,Nee,Nee,Nee,Nee,Nee,Nee,,,,,,950,,2 kamers ,1 slaapkamer,
90,90,Hickorylaan 78,3545 CT,"€ 1.329 per maand (exclusief servicekosten à € 65,00 /mnd)",Geen,Onbepaalde tijd,2 maanden,Onder optie,In overleg,Maisonnette (appartement),Nieuwbouw,2022,,,108,4 m²,281 m³,4 kamers (2 slaapkamers),1 apart toilet,,2 woonlagen,,Lift en mechanische ventilatie,A,Volledig geïsoleerd,Stadsverwarming en gehele vloerverwarming,Stadsverwarming,In woonwijk,,Openbaar parkeren en parkeergarage,https://www.funda.nl/huur/utrecht/appartement-42814667-hickorylaan-78/,Plat dak bedekt met bitumineuze dakbedekking,5 m²,Parkeerkelder en parkeerplaats,,,A,,Zonneterras,,,,,,,,,,,,,,,,,1.329,"65,00",4 kamers ,2 slaapkamers,
91,91,Twellosebeeklaan 111,3521 DR,€ 1.500 per maand (geen servicekosten),Geen,Onbepaalde tijd,7 weken,Beschikbaar,Per direct beschikbaar,Galerijflat (appartement),Nieuwbouw,2021,,,81,,230 m³,3 kamers (2 slaapkamers),,,5 woonlagen,1e woonlaag,,,,,,,,,https://www.funda.nl/huur/utrecht/appartement-42837940-twellosebeeklaan-111/,,,Parkeerkelder,,,Niet beschikbaar,,,,,,,,Nee,Nee,Nee,Nee,Nee,Nee,,€ 1.250 per maand (geen servicekosten),,,,1.500,,3 kamers ,2 slaapkamers,
92,92,Hickorylaan 340,3545 CT,"€ 1.111 per maand (exclusief servicekosten à € 65,00 /mnd)",Geen,Onbepaalde tijd,2 maanden,Onder optie,In overleg,Galerijflat (appartement),Nieuwbouw,2022,,,78,7 m²,202 m³,3 kamers (2 slaapkamers),1 badkamer en 1 apart toilet,Ligbad en douche,1 woonlaag,3e woonlaag,Lift en mechanische ventilatie,A,Volledig geïsoleerd,Stadsverwarming en gehele vloerverwarming,Stadsverwarming,In woonwijk,Balkon aanwezig,Openbaar parkeren en parkeergarage,https://www.funda.nl/huur/utrecht/appartement-42813334-hickorylaan-340/,Plat dak bedekt met bitumineuze dakbedekking,2 m²,Parkeerkelder en parkeerplaats,,,A,,,,,,,,,,,,,,,,,,,1.111,"65,00",3 kamers ,2 slaapkamers,
93,93,Hickorylaan 324,3545 CT,"€ 1.254 per maand (exclusief servicekosten à € 65,00 /mnd)",Geen,Onbepaalde tijd,2 maanden,Onder optie,In overleg,Galerijflat (appartement),Nieuwbouw,2022,,,98,11 m²,254 m³,3 kamers (2 slaapkamers),1 badkamer en 1 apart toilet,Ligbad,1 woonlaag,2e woonlaag,Lift en mechanische ventilatie,A,Volledig geïsoleerd,Stadsverwarming en gehele vloerverwarming,Stadsverwarming,In woonwijk,Balkon aanwezig,Openbaar parkeren en parkeergarage,https://www.funda.nl/huur/utrecht/appartement-42813356-hickorylaan-324/,Plat dak bedekt met bitumineuze dakbedekking,3 m²,Parkeerkelder en parkeerplaats,,,A,,,,,,,,,,,,,,,,,,,1.254,"65,00",3 kamers ,2 slaapkamers,
94,94,Hickorylaan 100,3545 CT,"€ 1.184 per maand (exclusief servicekosten à € 65,00 /mnd)",Geen,Onbepaalde tijd,2 maanden,Onder optie,In overleg,Galerijflat (appartement),Nieuwbouw,2022,,,83,10 m²,215 m³,3 kamers (2 slaapkamers),1 badkamer en 1 apart toilet,Ligbad,1 woonlaag,2e woonlaag,Lift en mechanische ventilatie,A,Volledig geïsoleerd,Stadsverwarming en gehele vloerverwarming,Stadsverwarming,In woonwijk,Balkon aanwezig,Openbaar parkeren en parkeergarage,https://www.funda.nl/huur/utrecht/appartement-42814464-hickorylaan-100/,Plat dak bedekt met bitumineuze dakbedekking,8 m²,Parkeerkelder en parkeerplaats,,,A,,,,,,,,,,,,,,,,,,,1.184,"65,00",3 kamers ,2 slaapkamers,
95,95,Hickorylaan 120,3545 CT,"€ 1.274 per maand (exclusief servicekosten à € 65,00 /mnd)",Geen,Onbepaalde tijd,2 maanden,Onder optie,In overleg,Galerijflat (appartement),Nieuwbouw,2022,,,98,11 m²,254 m³,3 kamers (2 slaapkamers),1 badkamer en 1 apart toilet,Ligbad,1 woonlaag,2e woonlaag,Lift en mechanische ventilatie,A,Volledig geïsoleerd,Stadsverwarming en gehele vloerverwarming,Stadsverwarming,In woonwijk,Balkon aanwezig,Openbaar parkeren en parkeergarage,https://www.funda.nl/huur/utrecht/appartement-42813354-hickorylaan-120/,Plat dak bedekt met bitumineuze dakbedekking,3 m²,Parkeerkelder en parkeerplaats,,,A,,,,,,,,,,,,,,,,,,,1.274,"65,00",3 kamers ,2 slaapkamers,
96,96,Hickorylaan 124,3545 CT,"€ 1.050 per maand (exclusief servicekosten à € 65,00 /mnd)",Geen,Onbepaalde tijd,2 maanden,Onder optie,In overleg,Galerijflat (appartement),Nieuwbouw,2022,,,73,7 m²,189 m³,3 kamers (2 slaapkamers),,,1 woonlaag,2e woonlaag,Lift en mechanische ventilatie,A,Volledig geïsoleerd,Stadsverwarming en gehele vloerverwarming,Stadsverwarming,In woonwijk,,Openbaar parkeren en parkeergarage,https://www.funda.nl/huur/utrecht/appartement-42814457-hickorylaan-124/,Plat dak bedekt met bitumineuze dakbedekking,5 m²,Parkeerkelder en parkeerplaats,,,A,,,,,,,,,,,,,,,,,,,1.050,"65,00",3 kamers ,2 slaapkamers,
97,97,Hickorylaan 300,3545 CT,"€ 1.111 per maand (exclusief servicekosten à € 65,00 /mnd)",Geen,Onbepaalde tijd,2 maanden,Onder optie,In overleg,Galerijflat (appartement),Nieuwbouw,2022,,,78,7 m²,202 m³,3 kamers (2 slaapkamers),1 badkamer en 1 apart toilet,Ligbad en douche,1 woonlaag,2e woonlaag,Lift en mechanische ventilatie,A,Volledig geïsoleerd,Stadsverwarming en gehele vloerverwarming,Stadsverwarming,In woonwijk,Balkon aanwezig,Openbaar parkeren en parkeergarage,https://www.funda.nl/huur/utrecht/appartement-42813339-hickorylaan-300/,Plat dak bedekt met bitumineuze dakbedekking,2 m²,Parkeerkelder en parkeerplaats,,,A,,,,,,,,,,,,,,,,,,,1.111,"65,00",3 kamers ,2 slaapkamers,
98,98,Hickorylaan 268,3545 CT,"€ 1.322 per maand (exclusief servicekosten à € 65,00 /mnd)",Geen,Onbepaalde tijd,2 maanden,Onder optie,In overleg,Galerijflat (appartement),Nieuwbouw,2022,,,104,35 m²,270 m³,3 kamers (2 slaapkamers),1 badkamer en 1 apart toilet,Ligbad en douche,1 woonlaag,1e woonlaag,Lift en mechanische ventilatie,A,Volledig geïsoleerd,Stadsverwarming en gehele vloerverwarming,Stadsverwarming,In woonwijk,,Openbaar parkeren en parkeergarage,https://www.funda.nl/huur/utrecht/appartement-42813344-hickorylaan-268/,Plat dak bedekt met bitumineuze dakbedekking,8 m²,Parkeerkelder en parkeerplaats,,,A,,Zonneterras,,,,,,,,,,,,,,,,,1.322,"65,00",3 kamers ,2 slaapkamers,
99,99,Hickorylaan 418,3545 CT,"€ 1.105 per maand (exclusief servicekosten à € 65,00 /mnd)",Geen,Onbepaalde tijd,2 maanden,Onder optie,In overleg,Galerijflat (appartement),Nieuwbouw,2022,,,73,7 m²,189 m³,3 kamers (2 slaapkamers),,,1 woonlaag,4e woonlaag,Lift en mechanische ventilatie,A,Volledig geïsoleerd,Stadsverwarming en gehele vloerverwarming,Stadsverwarming,In woonwijk,,Openbaar parkeren en parkeergarage,https://www.funda.nl/huur/utrecht/appartement-42814458-hickorylaan-418/,Plat dak bedekt met bitumineuze dakbedekking,5 m²,Parkeerkelder en parkeerplaats,,,A,,,,,,,,,,,,,,,,,,,1.105,"65,00",3 kamers ,2 slaapkamers,
100,100,Hickorylaan 346,3545 CT,"€ 1.302 per maand (exclusief servicekosten à € 65,00 /mnd)",Geen,Onbepaalde tijd,2 maanden,Onder optie,In overleg,Galerijflat (appartement),Nieuwbouw,2022,,,104,10 m²,270 m³,3 kamers (2 slaapkamers),1 badkamer en 1 apart toilet,Ligbad en douche,1 woonlaag,3e woonlaag,Lift en mechanische ventilatie,A,Volledig geïsoleerd,Stadsverwarming en gehele vloerverwarming,Stadsverwarming,In woonwijk,,Openbaar parkeren en parkeergarage,https://www.funda.nl/huur/utrecht/appartement-42813353-hickorylaan-346/,Plat dak bedekt met bitumineuze dakbedekking,8 m²,Parkeerkelder en parkeerplaats,,,A,,,,,,,,,,,,,,,,,,,1.302,"65,00",3 kamers ,2 slaapkamers,
101,101,Hickorylaan 364,3545 CT,"€ 1.254 per maand (exclusief servicekosten à € 65,00 /mnd)",Geen,Onbepaalde tijd,2 maanden,Onder optie,In overleg,Galerijflat (appartement),Nieuwbouw,2022,,,98,11 m²,254 m³,3 kamers (2 slaapkamers),1 badkamer en 1 apart toilet,Ligbad,1 woonlaag,3e woonlaag,Lift en mechanische ventilatie,A,Volledig geïsoleerd,Stadsverwarming en gehele vloerverwarming,Stadsverwarming,In woonwijk,Balkon aanwezig,Openbaar parkeren en parkeergarage,https://www.funda.nl/huur/utrecht/appartement-42813357-hickorylaan-364/,Plat dak bedekt met bitumineuze dakbedekking,3 m²,Parkeerkelder en parkeerplaats,,,A,,,,,,,,,,,,,,,,,,,1.254,"65,00",3 kamers ,2 slaapkamers,
102,102,Hickorylaan 188,3545 CT,"€ 1.264 per maand (exclusief servicekosten à € 65,00 /mnd)",Geen,Onbepaalde tijd,2 maanden,Onder optie,In overleg,Galerijflat (appartement),Nieuwbouw,2022,,,98,17 m²,254 m³,3 kamers (2 slaapkamers),1 badkamer en 1 apart toilet,Ligbad,1 woonlaag,4e woonlaag,Lift en mechanische ventilatie,A,Volledig geïsoleerd,Stadsverwarming en gehele vloerverwarming,Stadsverwarming,In woonwijk,Balkon aanwezig,Openbaar parkeren en parkeergarage,https://www.funda.nl/huur/utrecht/appartement-42813342-hickorylaan-188/,Plat dak bedekt met bitumineuze dakbedekking,4 m²,Parkeerkelder en parkeerplaats,,,A,,,,,,,,,,,,,,,,,,,1.264,"65,00",3 kamers ,2 slaapkamers,
103,103,Hickorylaan 140,3545 CT,"€ 1.184 per maand (exclusief servicekosten à € 65,00 /mnd)",Geen,Onbepaalde tijd,2 maanden,Onder optie,In overleg,Galerijflat (appartement),Nieuwbouw,2022,,,83,8 m²,215 m³,3 kamers (2 slaapkamers),1 badkamer en 1 apart toilet,Ligbad,1 woonlaag,3e woonlaag,Lift en mechanische ventilatie,A,Volledig geïsoleerd,Stadsverwarming en gehele vloerverwarming,Stadsverwarming,In woonwijk,Balkon aanwezig,Openbaar parkeren en parkeergarage,https://www.funda.nl/huur/utrecht/appartement-42813351-hickorylaan-140/,Plat dak bedekt met bitumineuze dakbedekking,8 m²,Parkeerkelder en parkeerplaats,,,A,,,,,,,,,,,,,,,,,,,1.184,"65,00",3 kamers ,2 slaapkamers,
104,104,Hickorylaan 180,3545 CT,"€ 1.204 per maand (exclusief servicekosten à € 65,00 /mnd)",Geen,Onbepaalde tijd,2 maanden,Onder optie,In overleg,Galerijflat (appartement),Nieuwbouw,2022,,,83,8 m²,215 m³,3 kamers (2 slaapkamers),1 badkamer en 1 apart toilet,Ligbad,1 woonlaag,4e woonlaag,Lift en mechanische ventilatie,A,Volledig geïsoleerd,Stadsverwarming en gehele vloerverwarming,Stadsverwarming,In woonwijk,Balkon aanwezig,Openbaar parkeren en parkeergarage,https://www.funda.nl/huur/utrecht/appartement-42814466-hickorylaan-180/,Plat dak bedekt met bitumineuze dakbedekking,8 m²,Parkeerkelder en parkeerplaats,,,A,,,,,,,,,,,,,,,,,,,1.204,"65,00",3 kamers ,2 slaapkamers,
105,105,Hickorylaan 70,3545 CT,"€ 1.541 per maand (exclusief servicekosten à € 65,00 /mnd)",Geen,Onbepaalde tijd,2 maanden,Onder optie,In overleg,Maisonnette (appartement),Nieuwbouw,2022,,,135,6 m²,351 m³,4 kamers (2 slaapkamers),1 badkamer en 1 apart toilet,Ligbad,2 woonlagen,1e woonlaag,Lift en mechanische ventilatie,A,Volledig geïsoleerd,Stadsverwarming en gehele vloerverwarming,Stadsverwarming,In woonwijk,,Openbaar parkeren en parkeergarage,https://www.funda.nl/huur/utrecht/appartement-42813359-hickorylaan-70/,Plat dak bedekt met bitumineuze dakbedekking,4 m²,Parkeerkelder en parkeerplaats,,,A,,,,,,,,,,,,,,,,,,,1.541,"65,00",4 kamers ,2 slaapkamers,
106,106,Hickorylaan 76,3545 CT,"€ 1.329 per maand (exclusief servicekosten à € 65,00 /mnd)",Geen,Onbepaalde tijd,2 maanden,Onder optie,In overleg,Maisonnette (appartement),Nieuwbouw,2022,,,108,4 m²,281 m³,4 kamers (2 slaapkamers),1 apart toilet,,2 woonlagen,,Lift en mechanische ventilatie,A,Volledig geïsoleerd,Stadsverwarming en gehele vloerverwarming,Stadsverwarming,In woonwijk,,Openbaar parkeren en parkeergarage,https://www.funda.nl/huur/utrecht/appartement-42814468-hickorylaan-76/,Plat dak bedekt met bitumineuze dakbedekking,5 m²,Parkeerkelder en parkeerplaats,,,A,,Zonneterras,,,,,,,,,,,,,,,,,1.329,"65,00",4 kamers ,2 slaapkamers,
107,107,Hickorylaan 148,3545 CT,"€ 1.229 per maand (exclusief servicekosten à € 65,00 /mnd)",Geen,Onbepaalde tijd,2 maanden,Onder optie,In overleg,Galerijflat (appartement),Nieuwbouw,2022,,,98,17 m²,254 m³,3 kamers (2 slaapkamers),1 badkamer en 1 apart toilet,Ligbad,1 woonlaag,3e woonlaag,Lift en mechanische ventilatie,A,Volledig geïsoleerd,Stadsverwarming en gehele vloerverwarming,Stadsverwarming,In woonwijk,Balkon aanwezig,Openbaar parkeren en parkeergarage,https://www.funda.nl/huur/utrecht/appartement-42813320-hickorylaan-148/,Plat dak bedekt met bitumineuze dakbedekking,4 m²,Parkeerkelder en parkeerplaats,,,A,,,,,,,,,,,,,,,,,,,1.229,"65,00",3 kamers ,2 slaapkamers,
108,108,Hickorylaan 154,3545 CT,"€ 1.085 per maand (exclusief servicekosten à € 65,00 /mnd)",Geen,Onbepaalde tijd,2 maanden,Onder optie,In overleg,Galerijflat (appartement),Nieuwbouw,2022,,,73,7 m²,189 m³,3 kamers (2 slaapkamers),,,1 woonlaag,3e woonlaag,Lift en mechanische ventilatie,A,Volledig geïsoleerd,Stadsverwarming en gehele vloerverwarming,Stadsverwarming,In woonwijk,,Openbaar parkeren en parkeergarage,https://www.funda.nl/huur/utrecht/appartement-42814459-hickorylaan-154/,Plat dak bedekt met bitumineuze dakbedekking,5 m²,Parkeerkelder en parkeerplaats,,,A,,,,,,,,,,,,,,,,,,,1.085,"65,00",3 kamers ,2 slaapkamers,
109,109,Hickorylaan 262,3545 CT,"€ 1.111 per maand (exclusief servicekosten à € 65,00 /mnd)",Geen,Onbepaalde tijd,2 maanden,Onder optie,In overleg,Galerijflat (appartement),Nieuwbouw,2022,,,78,7 m²,202 m³,3 kamers (2 slaapkamers),1 badkamer en 1 apart toilet,Ligbad en douche,1 woonlaag,1e woonlaag,Lift en mechanische ventilatie,A,Volledig geïsoleerd,Stadsverwarming en gehele vloerverwarming,Stadsverwarming,In woonwijk,Balkon aanwezig,Openbaar parkeren en parkeergarage,https://www.funda.nl/huur/utrecht/appartement-42814463-hickorylaan-262/,Plat dak bedekt met bitumineuze dakbedekking,2 m²,Parkeerkelder en parkeerplaats,,,A,,,,,,,,,,,,,,,,,,,1.111,"65,00",3 kamers ,2 slaapkamers,
110,110,Pablo Picassostraat,3544 NX,€ 1.295 per maand (servicekosten onbekend),Geen,Onbepaalde tijd,3 weken,Beschikbaar,In overleg,Portiekflat,Nieuwbouw,2022,,,88,,228 m³,3 kamers (2 slaapkamers),,,6 woonlagen,6e woonlaag,,,,,,,,,https://www.funda.nl/huur/utrecht/appartement-42964767-pablo-picassostraat/,,,Parkeerplaats,,,Niet beschikbaar,,,,,,,,Nee,Nee,Nee,Nee,Nee,Nee,,,,,,1.295,,3 kamers ,2 slaapkamers,
111,111,Hickorylaan 266,3545 CT,"€ 1.169 per maand (exclusief servicekosten à € 65,00 /mnd)",Geen,Onbepaalde tijd,2 maanden,Onder optie,In overleg,Galerijflat (appartement),Nieuwbouw,2022,,,82,6 m²,213 m³,3 kamers (2 slaapkamers),1 badkamer en 1 apart toilet,Ligbad,1 woonlaag,1e woonlaag,Lift en mechanische ventilatie,A,Volledig geïsoleerd,Stadsverwarming,Stadsverwarming,In woonwijk,,Openbaar parkeren en parkeergarage,https://www.funda.nl/huur/utrecht/appartement-42814562-hickorylaan-266/,Plat dak bedekt met bitumineuze dakbedekking,3 m²,Parkeerkelder en parkeerplaats,,,A,,Zonneterras,,,,,,,,,,,,,,,,,1.169,"65,00",3 kamers ,2 slaapkamers,
112,112,Hickorylaan 264,3545 CT,"€ 1.169 per maand (exclusief servicekosten à € 65,00 /mnd)",Geen,Onbepaalde tijd,2 maanden,Onder optie,In overleg,Galerijflat (appartement),Nieuwbouw,2022,,,82,6 m²,213 m³,3 kamers (2 slaapkamers),1 badkamer en 1 apart toilet,Ligbad,1 woonlaag,1e woonlaag,Lift en mechanische ventilatie,A,Volledig geïsoleerd,Stadsverwarming,Stadsverwarming,In woonwijk,,Openbaar parkeren en parkeergarage,https://www.funda.nl/huur/utrecht/appartement-42814576-hickorylaan-264/,Plat dak bedekt met bitumineuze dakbedekking,3 m²,Parkeerkelder en parkeerplaats,,,A,,Zonneterras,,,,,,,,,,,,,,,,,1.169,"65,00",3 kamers ,2 slaapkamers,
113,113,Twellosebeeklaan 113,3521 DR,€ 1.525 per maand (geen servicekosten),Geen,Onbepaalde tijd,7 weken,Beschikbaar,Per direct beschikbaar,Galerijflat,Nieuwbouw,2021,,,80,,230 m³,3 kamers (2 slaapkamers),,,5 woonlagen,1e woonlaag,,,,,,,,,https://www.funda.nl/huur/utrecht/appartement-42837941-twellosebeeklaan-113/,,,Parkeerkelder,,,Niet beschikbaar,,,,,,,,Nee,Nee,Nee,Nee,Nee,Nee,,€ 950 per maand (geen servicekosten),,,,1.525,,3 kamers ,2 slaapkamers,
114,114,Hickorylaan 386,3545 CT,"€ 1.322 per maand (exclusief servicekosten à € 65,00 /mnd)",Geen,Onbepaalde tijd,2 maanden,Onder optie,In overleg,Galerijflat (appartement),Nieuwbouw,2022,,,104,10 m²,270 m³,3 kamers (2 slaapkamers),1 badkamer en 1 apart toilet,Ligbad en douche,1 woonlaag,4e woonlaag,Lift en mechanische ventilatie,A,Volledig geïsoleerd,Stadsverwarming en gehele vloerverwarming,Stadsverwarming,In woonwijk,,Openbaar parkeren en parkeergarage,https://www.funda.nl/huur/utrecht/appartement-42813346-hickorylaan-386/,Plat dak bedekt met bitumineuze dakbedekking,8 m²,Parkeerkelder en parkeerplaats,,,A,,,,,,,,,,,,,,,,,,,1.322,"65,00",3 kamers ,2 slaapkamers,
115,115,Trumanhof 23,3527 CZ,"€ 1.310 per maand (exclusief servicekosten à € 13,00 /mnd)",€ 1.373 eenmalig,Onbepaalde tijd,12 oktober 2022,Onder optie,Beschikbaar per 1-11-2022,,Bestaande bouw,2016,,,85,,195 m³,4 kamers (3 slaapkamers),1 badkamer en 1 apart toilet,Douche en toilet,2 woonlagen,,,,,Stadsverwarming,Centrale voorziening,In woonwijk,,,https://www.funda.nl/huur/utrecht/huis-42988207-trumanhof-23/,,,Parkeerplaats,"Eengezinswoning, tussenwoning",,A,,Achtertuin,"43 m² (8,3 meter diep en 5,16 meter breed)",Gelegen op het zuidoosten bereikbaar via achterom,,5 m²,,,,,,,,,,,,,1.310,"13,00",4 kamers ,3 slaapkamers,
116,116,Prinses Beatrixplein 20,3523 VD,"€ 1.500 per maand (exclusief servicekosten à € 50,00 /mnd)",€ 1.500 eenmalig,Tijdelijke verhuur,8 oktober 2022,Onder optie,Beschikbaar per 1-11-2022,Portiekflat (appartement),Bestaande bouw,2001,Gemeubileerd en gestoffeerd,,70,,210 m³,3 kamers (2 slaapkamers),1 badkamer en 1 apart toilet,Ligbad en douche,1 woonlaag,1e woonlaag,Elektra,,Dubbel glas,Cv-ketel,Cv-ketel,Aan rustige weg en in woonwijk,,Openbaar parkeren,https://www.funda.nl/huur/utrecht/appartement-42987585-prinses-beatrixplein-20/,,,Parkeerkelder,,,B,"Gas gestookt combiketel uit 2002, eigendom",Achtertuin,"25 m² (4,1 meter diep en 6,15 meter breed)",Gelegen op het zuidoosten bereikbaar via achterom,,5 m²,Box,,,,,,,,,,,,1.500,"50,00",3 kamers ,2 slaapkamers,
117,117,Dirkje Mariastraat 17,3551 SK,€ 1.325 per maand (geen servicekosten),€ 1.325 eenmalig,Onbepaalde tijd,12 oktober 2022,Verhuurd onder voorbehoud,Beschikbaar per 1-11-2022,Benedenwoning (appartement),Bestaande bouw,1912,Gestoffeerd,,50,,203 m³,2 kamers (1 slaapkamer),1 badkamer en 1 apart toilet,Douche,1 woonlaag,Begane grond,TV kabel,G,Dubbel glas,Cv-ketel,Cv-ketel,Aan rustige weg en in woonwijk,,Betaald parkeren en parkeervergunningen,https://www.funda.nl/huur/utrecht/appartement-42964133-dirkje-mariastraat-17/,Zadeldak bedekt met pannen,,,,,G,Combiketel,Achtertuin,"14 m² (2,86 meter diep en 4,82 meter breed)",Gelegen op het noordwesten,,2 m²,Vrijstaande stenen berging,,,,,,,,,,,,1.325,,2 kamers ,1 slaapkamer,
118,118,Potterstraat 4 A,3512 TA,€ 1.650 per maand (geen servicekosten),€ 1.650 eenmalig,Onbepaalde tijd,6 weken,Onder optie,Per direct beschikbaar,Bovenwoning (appartement met open portiek),Bestaande bouw,1900,Gestoffeerd,,73,6 m²,240 m³,2 kamers (1 slaapkamer),1 apart toilet,,1 woonlaag,1e woonlaag,TV kabel,,"Dakisolatie, dubbel glas, muurisolatie en vloerisolatie",Stadsverwarming,Centrale voorziening,"Aan drukke weg, in centrum, in woonwijk en vrij uitzicht",,Betaald parkeren en parkeervergunningen,https://www.funda.nl/huur/utrecht/appartement-88200965-potterstraat-4-a/,Plat dak bedekt met bitumineuze dakbedekking,,,,,Niet beschikbaar,,Zonneterras,,,,,,,,,,,,,,,,,1.650,,2 kamers ,1 slaapkamer,
119,119,Londenstraat 126,3541 CB,€ 1.600 per maand (geen servicekosten),€ 3.200 eenmalig,Onbepaalde tijd,7 weken,Verhuurd onder voorbehoud,Beschikbaar per 1-11-2022,Galerijflat (appartement),Bestaande bouw,,,,67,3 m²,265 m³,3 kamers (1 slaapkamer),,,1 woonlaag,5e woonlaag,Elektra,,,Stadsverwarming,,In centrum,,Betaald parkeren,https://www.funda.nl/huur/utrecht/appartement-88290983-londenstraat-126/,Plat dak bedekt met bitumineuze dakbedekking,,Parkeerkelder,,,A,,,,,2011-2020,3 m²,Inpandig,Ja,Ja,Ja,Ja,Ja,Ja,,,,"Algemene Woningkeur, brandveiligheid en Politiekeurmerk",,1.600,,3 kamers ,1 slaapkamer,
120,120,Van Eysingalaan 187,3527 VE,€ 1.350 per maand (geen servicekosten),€ 1.350 eenmalig,Tijdelijke verhuur,20 oktober 2022,Verhuurd onder voorbehoud,Beschikbaar per 1-11-2022,Portiekflat (appartement),Bestaande bouw,1962,,,70,4 m²,210 m³,3 kamers (2 slaapkamers),1 badkamer en 1 apart toilet,Douche,1 woonlaag,2e woonlaag,Elektra,,Dubbel glas,Cv-ketel,Cv-ketel,Aan rustige weg en in woonwijk,Balkon aanwezig,Openbaar parkeren,https://www.funda.nl/huur/utrecht/appartement-42985046-van-eysingalaan-187/,Plat dak bedekt met bitumineuze dakbedekking,,,,,E,Eigendom,,,,,8 m²,Inpandig,,,,,,,,,,,,1.350,,3 kamers ,2 slaapkamers,"2,11"
121,121,Camposdreef 16,3563 XM,€ 1.050 per maand (servicekosten onbekend),€ 1.145 eenmalig,Onbepaalde tijd,10 oktober 2022,Onder optie,Beschikbaar per 1-12-2022,Portiekflat (appartement),Bestaande bouw,2018,,,66,,190 m³,2 kamers (1 slaapkamer),1 badkamer en 1 apart toilet,,1 woonlaag,1e woonlaag,,,"Dakisolatie, driedubbel glas, eco-bouw, muurisolatie, vloerisolatie en volledig geïsoleerd",Gehele vloerverwarming en warmtepomp,,"Aan park, aan rustige weg, in woonwijk, open ligging en vrij uitzicht",Balkon aanwezig,,https://www.funda.nl/huur/utrecht/appartement-42988118-camposdreef-16/,,,,,,A++,,Zonneterras,,,,6 m²,,Nee,Nee,Nee,Nee,Nee,Nee,,,,,,1.050,,2 kamers ,1 slaapkamer,
122,122,Springweg 452,3511 VZ,€ 1.195 per maand (geen servicekosten),€ 1.295 eenmalig,Onbepaalde tijd,2 maanden,Verhuurd onder voorbehoud,Beschikbaar per direct beschikbaar,Portiekflat (appartement),Bestaande bouw,1980,Gemeubileerd,,45,3 m²,130 m³,1 kamer,1 badkamer,Douche en toilet,1 woonlaag,2e woonlaag,"Buitenzonwering, mechanische ventilatie en TV kabel",C,,Stadsverwarming,Centrale voorziening,"Aan rustige weg, beschutte ligging en in centrum",,Betaald parkeren,https://www.funda.nl/huur/utrecht/appartement-42899247-springweg-452/,,,,,,C,,,,,,,,,,,,,,,,,,,1.195,,1 kamer,,
123,123,Oudegracht 210 A,3511 NS,€ 1.595 per maand (geen servicekosten),€ 2.000 eenmalig,Tijdelijke verhuur,4 weken,Verhuurd onder voorbehoud,Beschikbaar per 1-11-2022,Bovenwoning (appartement),Bestaande bouw,1900,,,41,,100 m³,2 kamers (1 slaapkamer),1 badkamer,Toilet,1 woonlaag,1e woonlaag,,,,,,In centrum,,Betaald parkeren,https://www.funda.nl/huur/utrecht/appartement-88317865-oudegracht-210-a/,,,,,,Niet beschikbaar,,,,,,,,Nee,Nee,Nee,Nee,Nee,Nee,,,,,,1.595,,2 kamers ,1 slaapkamer,
124,124,Soestdijkstraat 8,3523 VM,€ 1.750 per maand (geen servicekosten),€ 2.157 eenmalig,Tijdelijke verhuur,2 weken,Verhuurd onder voorbehoud,Beschikbaar per 1-11-2022,,Bestaande bouw,1930,,,118,,412 m³,5 kamers (4 slaapkamers),1 badkamer en 1 apart toilet,Ligbad en toilet,2 woonlagen en een vliering,,Elektra,F,Dubbel glas,Cv-ketel,Cv-ketel,Aan rustige weg en in woonwijk,,Openbaar parkeren en parkeervergunningen,https://www.funda.nl/huur/utrecht/huis-42971360-soestdijkstraat-8/,Zadeldak bedekt met pannen,,,"Eengezinswoning, tussenwoning",117 m²,F,"Gas gestookt combiketel uit 2015, eigendom",Achtertuin,"38 m² (7,5 meter diep en 5 meter breed)",Gelegen op het zuidoosten bereikbaar via achterom,,7 m²,Vrijstaande stenen berging,,,,,,,,,,,,1.750,,5 kamers ,4 slaapkamers,
125,125,Wisselstraat 64 *,3551 WG,€ 1.450 per maand (geen servicekosten),€ 2.900 eenmalig,Onbepaalde tijd,13 oktober 2022,Onder optie,Per direct beschikbaar,Galerijflat (appartement),Bestaande bouw,2020,,,48,,165 m³,1 kamer (1 slaapkamer),1 badkamer,Toilet,1 woonlaag,3e woonlaag,"Glasvezelkabel, lift, mechanische ventilatie en zonnecollectoren",,Volledig geïsoleerd,Warmte terugwininstallatie en warmtepomp,,In woonwijk,,Betaald parkeren en parkeervergunningen,https://www.funda.nl/huur/utrecht/appartement-42977670-wisselstraat-64/,Plat dak bedekt met bitumineuze dakbedekking,,,,,A,,,,,,,,Ja,Ja,Ja,Ja,Ja,Ja,,,,,,1.450,,1 kamer ,1 slaapkamer,
126,126,Henriëtte Roland Holststraat 19,3511 MT,€ 1.595 per maand (geen servicekosten),€ 1.595 eenmalig,Onbepaalde tijd,10 oktober 2022,Onder bod,In overleg,Portiekflat (appartement),Bestaande bouw,1997,Gedeeltelijk gestoffeerd,,70,5 m²,219 m³,3 kamers (2 slaapkamers),,,1 woonlaag,4e woonlaag,Lift en TV kabel,,Volledig geïsoleerd,Stadsverwarming,Stadsverwarming,"Aan rustige weg, in centrum en in woonwijk",,"Betaald parkeren, openbaar parkeren en parkeervergunningen",https://www.funda.nl/huur/utrecht/appartement-88343505-henriette-roland-holststraat-19/,,,,,,B,,,,,,5 m²,Box,Ja,Ja,Ja,Ja,Ja,Ja,,,,,,1.595,,3 kamers ,2 slaapkamers,
127,127,Reykjavikstraat 568,3543 KB,"€ 968 per maand (exclusief servicekosten à € 30,00 /mnd)",Geen,Onbepaalde tijd,3 maanden,Verhuurd onder voorbehoud,Per direct beschikbaar,Portiekflat (appartement),Bestaande bouw,2018,,,48,,144 m³,1 kamer (1 slaapkamer),1 badkamer,Douche en toilet,6 woonlagen,5e woonlaag,,,Volledig geïsoleerd,Stadsverwarming,,Aan drukke weg en in woonwijk,Balkon aanwezig,Betaald parkeren en parkeergarage,https://www.funda.nl/huur/utrecht/appartement-42897370-reykjavikstraat-568/,,,,,,A,,,,,,,,Nee,Nee,Nee,Nee,Nee,Nee,,,,,,968,"30,00",1 kamer ,1 slaapkamer,
128,128,Burgemeester Reigerstraat 2 B,3581 KR,€ 1.425 per maand (geen servicekosten),€ 1.425 eenmalig,Onbepaalde tijd,Vandaag,Verhuurd onder voorbehoud,Beschikbaar per 1-11-2022,Portiekflat (appartement),Bestaande bouw,2003,Gestoffeerd,,56,5 m²,190 m³,2 kamers (1 slaapkamer),1 badkamer en 1 apart toilet,Douche en toilet,1 woonlaag,2e woonlaag,TV kabel,G,Dubbel glas,Cv-ketel,Cv-ketel,In centrum,,Betaald parkeren en parkeervergunningen,https://www.funda.nl/huur/utrecht/appartement-42987983-burgemeester-reigerstraat-2-b/,Plat dak bedekt met bitumineuze dakbedekking,,,,,G,Eigendom,,,,,8 m²,,,,,,,,,,,,,1.425,,2 kamers ,1 slaapkamer,
129,129,Oscar Hammersteinstraat 24,3543 CV,€ 1.245 per maand (servicekosten onbekend),Geen,Onbepaalde tijd,2 weken,Onder optie,Beschikbaar per 1-11-2022,Galerijflat,Bestaande bouw,2006,,,90,,216 m³,2 kamers (1 slaapkamer),1 badkamer en 1 apart toilet,Douche,3 woonlagen,3e woonlaag,,,,,,,Balkon aanwezig,,https://www.funda.nl/huur/utrecht/appartement-42979851-oscar-hammersteinstraat-24/,,,Parkeerplaats,,,A,,,,,,2 m²,,Nee,Nee,Nee,Nee,Nee,Nee,,,,,,1.245,,2 kamers ,1 slaapkamer,
130,130,Marshalllaan 335,3527 TJ,"€ 1.395 per maand (exclusief servicekosten à € 45,00 /mnd)",€ 1.440 eenmalig,Onbepaalde tijd,2 maanden,Verhuurd onder voorbehoud,Per direct beschikbaar,Bovenwoning (appartement),Bestaande bouw,1960,,,78,,203 m³,3 kamers (2 slaapkamers),,,1 woonlaag,3e woonlaag,,E,,,,In woonwijk,,,https://www.funda.nl/huur/utrecht/appartement-88266293-marshalllaan-335/,,,,,,E,,,,,,,,Nee,Nee,Nee,Nee,Nee,Nee,,,,,,1.395,"45,00",3 kamers ,2 slaapkamers,
131,131,Faustdreef 107,3561 LC,"€ 1.395 per maand (exclusief servicekosten à € 63,00 /mnd)",€ 1.458 eenmalig,Onbepaalde tijd,3 maanden,Onder optie,Beschikbaar per 31-10-2022,Bovenwoning (appartement),Bestaande bouw,1967,,,80,,208 m³,4 kamers (3 slaapkamers),,,1 woonlaag,6e woonlaag,,,,,,In woonwijk,,,https://www.funda.nl/huur/utrecht/appartement-88231824-faustdreef-107/,,,,,,E,,,,,,,,Nee,Nee,Nee,Nee,Nee,Nee,,,,,,1.395,"63,00",4 kamers ,3 slaapkamers,"2,35"
132,132,Rubicondreef 198,3561 JH,"€ 1.450 per maand (exclusief servicekosten à € 63,00 /mnd)",€ 1.513 eenmalig,Onbepaalde tijd,2 weken,Onder optie,Beschikbaar per 1-12-2022,Bovenwoning (appartement),Bestaande bouw,1967,,,80,,208 m³,4 kamers (3 slaapkamers),,,1 woonlaag,8e woonlaag,,,,,,In woonwijk,,,https://www.funda.nl/huur/utrecht/appartement-88335389-rubicondreef-198/,,,,,,F,,,,,,,,Nee,Nee,Nee,Nee,Nee,Nee,,,,,,1.450,"63,00",4 kamers ,3 slaapkamers,"2,58"
133,133,Marshalllaan 394,3527 TW,"€ 925 per maand (exclusief servicekosten à € 45,00 /mnd)",€ 970 eenmalig,Onbepaalde tijd,2 maanden,Verhuurd onder voorbehoud,Per direct beschikbaar,Bovenwoning (appartement),Bestaande bouw,1960,,,41,,107 m³,2 kamers (1 slaapkamer),,,1 woonlaag,4e woonlaag,,,,,,In woonwijk,,,https://www.funda.nl/huur/utrecht/appartement-88262933-marshalllaan-394/,,,,,,D,,,,,,,,Nee,Nee,Nee,Nee,Nee,Nee,,"€ 725 per maand (exclusief servicekosten à € 45,00 /mnd)",,,,925,"45,00",2 kamers ,1 slaapkamer,"1,69"
134,134,Marshalllaan 326,3527 TV,"€ 1.395 per maand (exclusief servicekosten à € 45,00 /mnd)",€ 1.440 eenmalig,Onbepaalde tijd,2 maanden,Beschikbaar,Per direct beschikbaar,Bovenwoning (appartement),Bestaande bouw,1960,,,78,,203 m³,3 kamers (2 slaapkamers),,,1 woonlaag,1e woonlaag,,,,,,In woonwijk,,,https://www.funda.nl/huur/utrecht/appartement-88264183-marshalllaan-326/,,,,,,D,,,,,,,,Nee,Nee,Nee,Nee,Nee,Nee,,,,,,1.395,"45,00",3 kamers ,2 slaapkamers,"1,72"
135,135,Marshalllaan 338,3527 TV,"€ 1.450 per maand (exclusief servicekosten à € 45,00 /mnd)",€ 1.495 eenmalig,Onbepaalde tijd,2 weken,Onder optie,Beschikbaar per 2-1-2023,Bovenwoning (appartement),Bestaande bouw,1960,,,78,,203 m³,3 kamers (2 slaapkamers),,,1 woonlaag,3e woonlaag,,,,,,In woonwijk,,,https://www.funda.nl/huur/utrecht/appartement-88333226-marshalllaan-338/,,,,,,D,,,,,,,,Nee,Nee,Nee,Nee,Nee,Nee,,,,,,1.450,"45,00",3 kamers ,2 slaapkamers,"1,93"
136,136,Auriollaan 32,3527 EV,"€ 1.395 per maand (exclusief servicekosten à € 45,00 /mnd)",€ 1.440 eenmalig,Onbepaalde tijd,5 maanden,Verhuurd onder voorbehoud,Per direct beschikbaar,Bovenwoning (appartement),Bestaande bouw,1960,,,76,,198 m³,3 kamers (2 slaapkamers),,,1 woonlaag,4e woonlaag,,,,,,In woonwijk,,,https://www.funda.nl/huur/utrecht/appartement-88169471-auriollaan-32/,,,,,,G,,,,,,,,Nee,Nee,Nee,Nee,Nee,Nee,,,,,,1.395,"45,00",3 kamers ,2 slaapkamers,"4,07"
137,137,Marshalllaan 364,3527 TW,"€ 1.450 per maand (exclusief servicekosten à € 45,00 /mnd)",€ 1.495 eenmalig,Onbepaalde tijd,2 weken,Verhuurd onder voorbehoud,Beschikbaar per 1-11-2022,Bovenwoning (appartement),Bestaande bouw,1960,,,78,,203 m³,3 kamers (2 slaapkamers),,,1 woonlaag,3e woonlaag,,,,,,In woonwijk,,,https://www.funda.nl/huur/utrecht/appartement-88332234-marshalllaan-364/,,,,,,C,,,,,,,,Nee,Nee,Nee,Nee,Nee,Nee,,,,,,1.450,"45,00",3 kamers ,2 slaapkamers,"1,43"
138,138,Pieterskerkhof 23 L,3512 JS,"€ 1.750 per maand (exclusief servicekosten à € 100,00 /mnd)",€ 3.500 eenmalig,Onbepaalde tijd,Vandaag,Beschikbaar,Beschikbaar per 1-11-2022,Benedenwoning (appartement),Bestaande bouw,2022,Gestoffeerd en monument,,63,,190 m³,2 kamers (1 slaapkamer),1 badkamer en 1 apart toilet,,1 woonlaag,Begane grond,"Mechanische ventilatie, TV kabel en zonnepanelen",,"Dakisolatie, dubbel glas, muurisolatie, vloerisolatie en volledig geïsoleerd",Stadsverwarming,Centrale voorziening en stadsverwarming,In centrum,,Betaald parkeren,https://www.funda.nl/huur/utrecht/appartement-88357733-pieterskerkhof-23-l/,Plat dak bedekt met bitumineuze dakbedekking,,,,,A+++,,,,,,5 m²,Box,,,,,,,,,,,,1.750,"100,00",2 kamers ,1 slaapkamer,
139,139,Pieterskerkhof 23 E,3512 JS,"€ 1.495 per maand (exclusief servicekosten à € 100,00 /mnd)",€ 2.990 eenmalig,Onbepaalde tijd,Vandaag,Beschikbaar,Beschikbaar per 1-11-2022,Bovenwoning (appartement),Bestaande bouw,2022,Gestoffeerd en monumentaal pand,,42,,145 m³,2 kamers (1 slaapkamer),1 badkamer en 1 apart toilet,,1 woonlaag,2e woonlaag,Elektra,,"Dakisolatie, dubbel glas, muurisolatie, vloerisolatie en volledig geïsoleerd",Stadsverwarming,Stadsverwarming,In centrum,,Betaald parkeren,https://www.funda.nl/huur/utrecht/appartement-88357725-pieterskerkhof-23-e/,Plat dak bedekt met bitumineuze dakbedekking,,,,,A+++,,,,,,5 m²,Box,,,,,,,,,,,,1.495,"100,00",2 kamers ,1 slaapkamer,
140,140,Weg tot de Wetenschap 15 C,3584 AC,€ 1.650 per maand (geen servicekosten),€ 3.300 eenmalig,,2 weken,,,Portiekflat (appartement),Bestaande bouw,2016,,,,,315 m³,2 kamers (1 slaapkamer),,,,,,,,,,,,,https://www.funda.nl/huur/utrecht/appartement-88333935-weg-tot-de-wetenschap-15-c/,,,,,,Niet beschikbaar,,,,,,,,,,,,,,,,,,68 m² wonen,1.650,,2 kamers ,1 slaapkamer,
141,141,Visschersplein 178,3511 LX,€ 1.495 per maand (geen servicekosten),€ 2.990 eenmalig,,2 weken,,,Bovenwoning (appartement),Bestaande bouw,Voor 1906,,,,,196 m³,2 kamers (1 slaapkamer),,,,,,,,,,,,,https://www.funda.nl/huur/utrecht/appartement-88337904-visschersplein-178/,,,,,,Niet verplicht,,,,,,,,,,,,,,,,,,70 m² wonen,1.495,,2 kamers ,1 slaapkamer,
142,142,Linnaeusstraat 30 bis,3553 CE,€ 1.075 per maand (servicekosten onbekend),€ 1.275 eenmalig,,3 weken,,,Bovenwoning,Bestaande bouw,1926,,,,,80 m³,1 kamer,,,,,,,,,,,,,https://www.funda.nl/huur/utrecht/appartement-88325786-linnaeusstraat-30-bis/,,,,,,Niet beschikbaar,,,,,,,,,,,,,,,,,,38 m² wonen,1.075,,1 kamer,,
143,143,Pieterskerkhof 23 B,3512 JS,"€ 1.675 per maand (exclusief servicekosten à € 100,00 /mnd)",€ 3.350 eenmalig,Onbepaalde tijd,Vandaag,Beschikbaar,Beschikbaar per 1-11-2022,Maisonnette (appartement),Bestaande bouw,2022,Gestoffeerd en monument,,66,,220 m³,2 kamers (1 slaapkamer),1 badkamer en 1 apart toilet,Douche,3 woonlagen,1e woonlaag,Elektra,,"Dakisolatie, dubbel glas, muurisolatie, vloerisolatie en volledig geïsoleerd",Stadsverwarming,Centrale voorziening,In centrum,,Betaald parkeren,https://www.funda.nl/huur/utrecht/appartement-88357720-pieterskerkhof-23-b/,Plat dak bedekt met bitumineuze dakbedekking,,,,,A++,,,,,,5 m²,Box,,,,,,,,,,,,1.675,"100,00",2 kamers ,1 slaapkamer,
144,144,Karel Doormanlaan 11,3572 NA,€ 1.750 per maand (geen servicekosten),€ 3.500 eenmalig,,18 oktober 2022,,,Bovenwoning (appartement met open portiek),Bestaande bouw,1965,,,,,250 m³,3 kamers (2 slaapkamers),,,,,,,,,,,,,https://www.funda.nl/huur/utrecht/appartement-88354070-karel-doormanlaan-11/,,,,,,D,,,,,,,,,,,,,,,,,,100 m² wonen,1.750,,3 kamers ,2 slaapkamers,"1,75"
145,145,Wulpstraat 55 *,3582 AW,€ 1.225 per maand (geen servicekosten),€ 3.062 eenmalig,,17 oktober 2022,,,Portiekflat (appartement),Bestaande bouw,2016,,,,,90 m³,2 kamers (1 slaapkamer),,,,,,,,,,,,,https://www.funda.nl/huur/utrecht/appartement-88351938-wulpstraat-55/,,,,,,A,,,,,,,,,,,,,,,,,,30 m² wonen,1.225,,2 kamers ,1 slaapkamer,
146,146,Nieuwegracht 76 bg,3512 LV,€ 1.350 per maand (geen servicekosten),€ 2.700 eenmalig,,20 oktober 2022,,,Benedenwoning (appartement),Bestaande bouw,1600,,,,,100 m³,2 kamers (1 slaapkamer),,,,,,,,,,,,,https://www.funda.nl/huur/utrecht/appartement-88356669-nieuwegracht-76-bg/,,,,,,Niet beschikbaar,,,,,,,,,,,,,,,,,,45 m² wonen,1.350,,2 kamers ,1 slaapkamer,
147,147,Kromme Nieuwegracht 11 C,3512 HC,€ 1.695 per maand (geen servicekosten),€ 3.390 eenmalig,,13 oktober 2022,,,Penthouse (appartement),Bestaande bouw,1900,,,,,250 m³,3 kamers (2 slaapkamers),,,,,,G,,,,,,,https://www.funda.nl/huur/utrecht/appartement-88347097-kromme-nieuwegracht-11-c/,,,,,,G,,,,,,,,,,,,,,,,,,100 m² wonen,1.695,,3 kamers ,2 slaapkamers,
148,148,Wijde Doelen 6,3512 XN,€ 1.495 per maand (geen servicekosten),€ 2.990 eenmalig,,18 oktober 2022,,,,Bestaande bouw,1900,,,,,210 m³,3 kamers (2 slaapkamers),,,,,,F,,,,,,,https://www.funda.nl/huur/utrecht/huis-88353388-wijde-doelen-6/,,,,"Eengezinswoning, tussenwoning",,F,,,,,,,,,,,,,,,,,,84 m² wonen,1.495,,3 kamers ,2 slaapkamers,
149,149,Auriollaan 41,3527 ES,€ 1.575 per maand (geen servicekosten),€ 3.150 eenmalig,,2 weken,,,Tussenverdieping (appartement met open portiek),Bestaande bouw,2016,,,,,185 m³,4 kamers (3 slaapkamers),,,,,,,,,,,,,https://www.funda.nl/huur/utrecht/appartement-88340702-auriollaan-41/,,,,,,F,,,,,,,,,,,,,,,,,,75 m² wonen,1.575,,4 kamers ,3 slaapkamers,"2,45"
150,150,Kromme Nieuwegracht 60 2,3512 HL,€ 1.650 per maand (geen servicekosten),€ 3.300 eenmalig,,13 oktober 2022,,,Bovenwoning (appartement),Bestaande bouw,1450,,,,,150 m³,2 kamers (1 slaapkamer),,,,,,,,,,,,,https://www.funda.nl/huur/utrecht/appartement-88348428-kromme-nieuwegracht-60-2/,,,,,,Niet beschikbaar,,,,,,,,,,,,,,,,,,60 m² wonen,1.650,,2 kamers ,1 slaapkamer,
151,151,Nieuwegracht 26 B,3512 LS,€ 1.300 per maand (geen servicekosten),€ 1.300 eenmalig,,6+ maanden,,,Tussenverdieping (appartement),Bestaande bouw,1967,,,,,112 m³,2 kamers (1 slaapkamer),,,,,,A,,,,,,,https://www.funda.nl/huur/utrecht/appartement-87771771-nieuwegracht-26-b/,,,,,,A,,,,,,,,,,,,,,,,,,44 m² wonen,1.300,,2 kamers ,1 slaapkamer,
152,152,Kanaalweg 95 17,3533 HH,€ 1.095 per maand (servicekosten onbekend),€ 2.190 eenmalig,,2 weken,,,Bovenwoning (appartement),Bestaande bouw,2017,,,,,100 m³,2 kamers (1 slaapkamer),,,,,,,,,,,,,https://www.funda.nl/huur/utrecht/appartement-88338739-kanaalweg-95-17/,,,,,,A++,,,,,,,,,,,,,,,,,,38 m² wonen,1.095,,2 kamers ,1 slaapkamer,
