,address,postcode,Huurprijs,Waarborgsom,Huurovereenkomst,Aangeboden sinds,Status,Aanvaarding,Soort appartement,Soort bouw,Bouwjaar,Soort dak,Gebruiksoppervlakten,Wonen,Overige inpandige ruimte,Gebouwgebonden buitenruimte,Inhoud,Aantal kamers,Aantal badkamers,Badkamervoorzieningen,Aantal woonlagen,Gelegen op,Voorzieningen,Voorlopig energielabel,Isolatie,Verwarming,Warm water,Ligging,Soort garage,Soort parkeergelegenheid,url,Specifiek,Externe bergruimte,Energielabel,Schuur/berging,Inschrijving KvK,Jaarlijkse vergadering,Periodieke bijdrage,Reservefonds aanwezig,Onderhoudsplan,Opstalverzekering,Balkon/dakterras,Tuin,Oorspronkelijke huurprijs,Cv-ketel,Soort woonhuis,Achtertuin,Ligging tuin,Oppervlakte,Capaciteit,Bouwperiode,Patio/atrium,Keurmerken,Zonneterras,Perceel,rental_price,service_costs,living_area,rooms,bedrooms,badkamer,toilet,bathrooms,energielabel,Energierating,balcony,garden,garden_size
0,Hickorylaan 70,3545 CT,"€ 1.541 per maand (exclusief servicekosten à € 65,00 /mnd)",Geen,Onbepaalde tijd,2 maanden,Onder optie,In overleg,Maisonnette (appartement),Nieuwbouw,2022,Plat dak bedekt met bitumineuze dakbedekking,,135 m²,4 m²,6 m²,351 m³,4 kamers (2 slaapkamers),1 badkamer en 1 apart toilet,Ligbad,2 woonlagen,1e woonlaag,Lift en mechanische ventilatie,A,Volledig geïsoleerd,Stadsverwarming en gehele vloerverwarming,Stadsverwarming,In woonwijk,Parkeerkelder en parkeerplaats,Openbaar parkeren en parkeergarage,https://www.funda.nl/huur/utrecht/appartement-42813359-hickorylaan-70/,,,,,,,,,,,,,,,,,,,,,,,,,1541,6500,135,4,2,1 badkamer , 1 apart toilet,2.0,A,,False,False,
1,Henriëtte Roland Holststraat 19,3511 MT,€ 1.595 per maand (geen servicekosten),€ 1.595 eenmalig,Onbepaalde tijd,10 oktober 2022,Onder bod,In overleg,Portiekflat (appartement),Bestaande bouw,1997,,,70 m²,,5 m²,219 m³,3 kamers (2 slaapkamers),,,1 woonlaag,4e woonlaag,Lift en TV kabel,,Volledig geïsoleerd,Stadsverwarming,Stadsverwarming,"Aan rustige weg, in centrum en in woonwijk",,"Betaald parkeren, openbaar parkeren en parkeervergunningen",https://www.funda.nl/huur/utrecht/appartement-88343505-henriette-roland-holststraat-19/,Gedeeltelijk gestoffeerd,5 m²,B,Box,Ja,Ja,Ja,Ja,Ja,Ja,,,,,,,,,,,,,,,1595,,70,3,2,,,,B,,False,False,
2,CAB-rondom 135,3534 BJ,€ 927 per maand (servicekosten onbekend),Geen,Onbepaalde tijd,20 oktober 2022,Beschikbaar,In overleg,Galerijflat (appartement),Nieuwbouw,2022,Plat dak bedekt met bitumineuze dakbedekking,,74 m²,,11 m²,192 m³,2 kamers (1 slaapkamer),1 badkamer en 1 apart toilet,,1 woonlaag,,"Lift, mechanische ventilatie en zonnepanelen",A,Volledig geïsoleerd,Stadsverwarming en gehele vloerverwarming,Stadsverwarming,In centrum en in woonwijk,,Openbaar parkeren,https://www.funda.nl/huur/utrecht/appartement-42991027-cab-rondom-135/,,,,,,,,,,,Balkon aanwezig,,,,,,,,,,,,,,927,,74,2,1,1 badkamer , 1 apart toilet,2.0,A,,True,False,
3,Hickorylaan 258,3545 CT,"€ 1.329 per maand (exclusief servicekosten à € 65,00 /mnd)",Geen,Onbepaalde tijd,2 maanden,Onder optie,In overleg,Maisonnette (appartement),Nieuwbouw,2022,Plat dak bedekt met bitumineuze dakbedekking,,108 m²,5 m²,4 m²,281 m³,4 kamers (2 slaapkamers),1 apart toilet,,2 woonlagen,,Lift en mechanische ventilatie,A,Volledig geïsoleerd,Stadsverwarming en gehele vloerverwarming,Stadsverwarming,In woonwijk,Parkeerkelder en parkeerplaats,Openbaar parkeren en parkeergarage,https://www.funda.nl/huur/utrecht/appartement-42814467-hickorylaan-258/,,,,,,,,,,,,Zonneterras,,,,,,,,,,,,,1329,6500,108,4,2,1 apart toilet,,,A,,False,True,
4,Tannhäuserdreef 274,3561 HR,"€ 1.450 per maand (exclusief servicekosten à € 63,00 /mnd)",€ 1.513 eenmalig,Onbepaalde tijd,3 maanden,Beschikbaar,Beschikbaar per 1-11-2022,Bovenwoning (appartement),Bestaande bouw,1965,,,80 m²,,,208 m³,4 kamers (3 slaapkamers),,,1 woonlaag,2e woonlaag,,,,,,In woonwijk,,,https://www.funda.nl/huur/utrecht/appartement-88228309-tannhauserdreef-274/,,,"D
            1,95",,Nee,Nee,Nee,Nee,Nee,Nee,,,"€ 1.395 per maand (exclusief servicekosten à € 63,00 /mnd)",,,,,,,,,,,,1450,6300,80,4,3,,,,D,"1,95",False,False,
5,Tannhäuserdreef 316,3561 HS,"€ 1.450 per maand (exclusief servicekosten à € 63,00 /mnd)",€ 1.513 eenmalig,Onbepaalde tijd,4 maanden,Beschikbaar,Beschikbaar per 1-11-2022,Bovenwoning (appartement),Bestaande bouw,1965,,,80 m²,,,208 m³,4 kamers (3 slaapkamers),,,1 woonlaag,3e woonlaag,,,,,,In woonwijk,,,https://www.funda.nl/huur/utrecht/appartement-88214220-tannhauserdreef-316/,,,"D
            1,77",,Nee,Nee,Nee,Nee,Nee,Nee,,,"€ 1.395 per maand (exclusief servicekosten à € 63,00 /mnd)",,,,,,,,,,,,1450,6300,80,4,3,,,,D,"1,77",False,False,
6,CAB-rondom 159,3534 BJ,€ 1.610 per maand (servicekosten onbekend),Geen,Onbepaalde tijd,20 oktober 2022,Beschikbaar,In overleg,Galerijflat (appartement),Nieuwbouw,2023,Plat dak bedekt met bitumineuze dakbedekking,,110 m²,2 m²,42 m²,286 m³,3 kamers (2 slaapkamers),2 badkamers en 1 apart toilet,,1 woonlaag,5e woonlaag,"Lift, mechanische ventilatie en zonnepanelen",A,Volledig geïsoleerd,Stadsverwarming en gehele vloerverwarming,Stadsverwarming,In centrum en in woonwijk,,Openbaar parkeren,https://www.funda.nl/huur/utrecht/appartement-42992057-cab-rondom-159/,,,,,,,,,,,Balkon aanwezig,,,,,,,,,,,,,,1610,,110,3,2,2 badkamers , 1 apart toilet,3.0,A,,True,False,
7,Catharijnesingel 74 C,3511 GM,"€ 1.600 per maand (exclusief servicekosten à € 250,00 /mnd)",€ 3.700 eenmalig,Tijdelijke verhuur,3 weken,Beschikbaar,Per direct beschikbaar,Bovenwoning,Bestaande bouw,1920,,,32 m²,,,95 m³,2 kamers (1 slaapkamer),,,1 woonlaag,,,G,,,,,,,https://www.funda.nl/huur/utrecht/appartement-88332938-catharijnesingel-74-c/,,,,,,,,,,,,,,,,,,,,,,,,,1600,25000,32,2,1,,,,G,,False,False,
8,Faustdreef 411,3561 LN,"€ 1.395 per maand (exclusief servicekosten à € 63,00 /mnd)",€ 1.458 eenmalig,Onbepaalde tijd,4 maanden,Beschikbaar,Beschikbaar per direct beschikbaar,Bovenwoning (appartement),Bestaande bouw,1967,,,80 m²,,,208 m³,4 kamers (3 slaapkamers),,,1 woonlaag,7e woonlaag,,,,,,In woonwijk,,,https://www.funda.nl/huur/utrecht/appartement-88182284-faustdreef-411/,,,"E
            2,35",,Nee,Nee,Nee,Nee,Nee,Nee,,,,,,,,,,,,,,,1395,6300,80,4,3,,,,E,"2,35",False,False,
9,Hickorylaan 346,3545 CT,"€ 1.302 per maand (exclusief servicekosten à € 65,00 /mnd)",Geen,Onbepaalde tijd,2 maanden,Onder optie,In overleg,Galerijflat (appartement),Nieuwbouw,2022,Plat dak bedekt met bitumineuze dakbedekking,,104 m²,8 m²,10 m²,270 m³,3 kamers (2 slaapkamers),1 badkamer en 1 apart toilet,Ligbad en douche,1 woonlaag,3e woonlaag,Lift en mechanische ventilatie,A,Volledig geïsoleerd,Stadsverwarming en gehele vloerverwarming,Stadsverwarming,In woonwijk,Parkeerkelder en parkeerplaats,Openbaar parkeren en parkeergarage,https://www.funda.nl/huur/utrecht/appartement-42813353-hickorylaan-346/,,,,,,,,,,,,,,,,,,,,,,,,,1302,6500,104,3,2,1 badkamer , 1 apart toilet,2.0,A,,False,False,
10,Marshalllaan 326,3527 TV,"€ 1.395 per maand (exclusief servicekosten à € 45,00 /mnd)",€ 1.440 eenmalig,Onbepaalde tijd,2 maanden,Beschikbaar,Per direct beschikbaar,Bovenwoning (appartement),Bestaande bouw,1960,,,78 m²,,,203 m³,3 kamers (2 slaapkamers),,,1 woonlaag,1e woonlaag,,,,,,In woonwijk,,,https://www.funda.nl/huur/utrecht/appartement-88264183-marshalllaan-326/,,,"D
            1,72",,Nee,Nee,Nee,Nee,Nee,Nee,,,,,,,,,,,,,,,1395,4500,78,3,2,,,,D,"1,72",False,False,
11,Tannhäuserdreef 330,3561 HT,"€ 1.450 per maand (exclusief servicekosten à € 63,00 /mnd)",€ 1.513 eenmalig,Onbepaalde tijd,3 maanden,Beschikbaar,Beschikbaar per 1-11-2022,Bovenwoning (appartement),Bestaande bouw,1965,,,80 m²,,,208 m³,4 kamers (3 slaapkamers),,,1 woonlaag,4e woonlaag,,,,,,In woonwijk,,,https://www.funda.nl/huur/utrecht/appartement-88226167-tannhauserdreef-330/,,,"D
            1,95",,Nee,Nee,Nee,Nee,Nee,Nee,,,"€ 1.395 per maand (exclusief servicekosten à € 63,00 /mnd)",,,,,,,,,,,,1450,6300,80,4,3,,,,D,"1,95",False,False,
12,Abel Tasmanstraat 23 A,3531 GS,€ 1.250 per maand (geen servicekosten),€ 1.250 eenmalig,Onbepaalde tijd,17 oktober 2022,Beschikbaar,Beschikbaar per 1-11-2022,Portiekflat (appartement),Bestaande bouw,1920,Zadeldak bedekt met pannen,,67 m²,,7 m²,201 m³,3 kamers (1 slaapkamer),1 badkamer,Douche en toilet,1 woonlaag,1e woonlaag,Mechanische ventilatie en TV kabel,,,Cv-ketel,Cv-ketel,In centrum en in woonwijk,,Betaald parkeren en parkeervergunningen,https://www.funda.nl/huur/utrecht/appartement-42997041-abel-tasmanstraat-23-a/,,,B,Inpandig,,,,,,,Balkon aanwezig,,,Gas gestookt,,,,,,,,,,,1250,,67,3,1,1 badkamer,,,B,,True,False,
13,Breedstraat 28,3512 TX,€ 1.400 per maand (geen servicekosten),€ 1.400 eenmalig,Tijdelijke verhuur,2 weken,Beschikbaar,Per direct beschikbaar,Benedenwoning,Bestaande bouw,1993,,,48 m²,,,300 m³,2 kamers (1 slaapkamer),,,1 woonlaag,Begane grond,,C,,,,,,,https://www.funda.nl/huur/utrecht/appartement-88338588-breedstraat-28/,,,,,,,,,,,,,€ 1.500 per maand (geen servicekosten),,,,,,,,,,,,1400,,48,2,1,,,,C,,False,False,
14,Marshalllaan 311,3527 TH,"€ 1.450 per maand (exclusief servicekosten à € 45,00 /mnd)",€ 1.495 eenmalig,Onbepaalde tijd,7 weken,Beschikbaar,Beschikbaar per direct beschikbaar,Bovenwoning (appartement),Bestaande bouw,1960,,,78 m²,,,203 m³,3 kamers (2 slaapkamers),,,1 woonlaag,4e woonlaag,,,,,,In woonwijk,,,https://www.funda.nl/huur/utrecht/appartement-88293463-marshalllaan-311/,,,"G
            3,33",,Nee,Nee,Nee,Nee,Nee,Nee,,,"€ 1.395 per maand (exclusief servicekosten à € 45,00 /mnd)",,,,,,,,,,,,1450,4500,78,3,2,,,,G,"3,33",False,False,
15,Twellosebeeklaan 113,3521 DR,€ 1.525 per maand (geen servicekosten),Geen,Onbepaalde tijd,7 weken,Beschikbaar,Per direct beschikbaar,Galerijflat,Nieuwbouw,2021,,,80 m²,,,230 m³,3 kamers (2 slaapkamers),,,5 woonlagen,1e woonlaag,,,,,,,Parkeerkelder,,https://www.funda.nl/huur/utrecht/appartement-42837941-twellosebeeklaan-113/,,,Niet beschikbaar,,Nee,Nee,Nee,Nee,Nee,Nee,,,€ 950 per maand (geen servicekosten),,,,,,,,,,,,1525,,80,3,2,,,,Niet beschikbaar,,False,False,
16,Hickorylaan 266,3545 CT,"€ 1.169 per maand (exclusief servicekosten à € 65,00 /mnd)",Geen,Onbepaalde tijd,2 maanden,Onder optie,In overleg,Galerijflat (appartement),Nieuwbouw,2022,Plat dak bedekt met bitumineuze dakbedekking,,82 m²,3 m²,6 m²,213 m³,3 kamers (2 slaapkamers),1 badkamer en 1 apart toilet,Ligbad,1 woonlaag,1e woonlaag,Lift en mechanische ventilatie,A,Volledig geïsoleerd,Stadsverwarming,Stadsverwarming,In woonwijk,Parkeerkelder en parkeerplaats,Openbaar parkeren en parkeergarage,https://www.funda.nl/huur/utrecht/appartement-42814562-hickorylaan-266/,,,,,,,,,,,,Zonneterras,,,,,,,,,,,,,1169,6500,82,3,2,1 badkamer , 1 apart toilet,2.0,A,,False,True,
17,Moreelsehoek 190,3511 EZ,"€ 1.096 per maand (exclusief servicekosten à € 80,00 /mnd)",Geen,Onbepaalde tijd,6 weken,Beschikbaar,Per direct beschikbaar,Bovenwoning,Bestaande bouw,2020,,,122 m²,,,184 m³,3 kamers,,,1 woonlaag,,,,,,,,,,https://www.funda.nl/huur/utrecht/appartement-42847502-moreelsehoek-190/,,,Niet beschikbaar,,Nee,Nee,Nee,Nee,Nee,Nee,,,,,,,,,,,,,,,1096,8000,122,3,,,,,Niet beschikbaar,,False,False,
18,Trumanhof 23,3527 CZ,"€ 1.310 per maand (exclusief servicekosten à € 13,00 /mnd)",€ 1.373 eenmalig,Onbepaalde tijd,12 oktober 2022,Onder optie,Beschikbaar per 1-11-2022,,Bestaande bouw,2016,,,85 m²,,,195 m³,4 kamers (3 slaapkamers),1 badkamer en 1 apart toilet,Douche en toilet,2 woonlagen,,,,,Stadsverwarming,Centrale voorziening,In woonwijk,Parkeerplaats,,https://www.funda.nl/huur/utrecht/huis-42988207-trumanhof-23/,,5 m²,A,,,,,,,,,Achtertuin,,,"Eengezinswoning, tussenwoning","43 m² (8,3 meter diep en 5,16 meter breed)",Gelegen op het zuidoosten bereikbaar via achterom,,,,,,,,1310,1300,85,4,3,1 badkamer , 1 apart toilet,2.0,A,,False,True,43
19,Marshalllaan 338,3527 TV,"€ 1.450 per maand (exclusief servicekosten à € 45,00 /mnd)",€ 1.495 eenmalig,Onbepaalde tijd,3 weken,Onder optie,Beschikbaar per 2-1-2023,Bovenwoning (appartement),Bestaande bouw,1960,,,78 m²,,,203 m³,3 kamers (2 slaapkamers),,,1 woonlaag,3e woonlaag,,,,,,In woonwijk,,,https://www.funda.nl/huur/utrecht/appartement-88333226-marshalllaan-338/,,,"D
            1,93",,Nee,Nee,Nee,Nee,Nee,Nee,,,,,,,,,,,,,,,1450,4500,78,3,2,,,,D,"1,93",False,False,
20,Faustdreef 333,3561 LK,"€ 1.450 per maand (exclusief servicekosten à € 63,00 /mnd)",€ 1.513 eenmalig,Onbepaalde tijd,3 maanden,Beschikbaar,Beschikbaar per 30-11-2022,Bovenwoning (appartement),Bestaande bouw,1967,,,80 m²,,,208 m³,4 kamers (3 slaapkamers),,,1 woonlaag,4e woonlaag,,,,,,In woonwijk,,,https://www.funda.nl/huur/utrecht/appartement-88245541-faustdreef-333/,,,"F
            2,41",,Nee,Nee,Nee,Nee,Nee,Nee,,,"€ 1.395 per maand (exclusief servicekosten à € 63,00 /mnd)",,,,,,,,,,,,1450,6300,80,4,3,,,,F,"2,41",False,False,
21,Wijde Doelen 6,3512 XN,€ 1.495 per maand (geen servicekosten),€ 2.990 eenmalig,,18 oktober 2022,,,,Bestaande bouw,1900,,,,,,210 m³,3 kamers (2 slaapkamers),,,,,,F,,,,,,,https://www.funda.nl/huur/utrecht/huis-88353388-wijde-doelen-6/,,,,,,,,,,,,,,,"Eengezinswoning, tussenwoning",,,84 m² wonen,,,,,,,1495,,84,3,2,,,,F,,False,False,
22,Visarendhof,3582 DR,€ 140 per maand (geen servicekosten),€ 100 eenmalig,Onbepaalde tijd,8 weken,Beschikbaar,Per direct beschikbaar,,Bestaande bouw,,,,,,,,,,,,,,,,,,,,Parkeerplaats,https://www.funda.nl/huur/utrecht/parkeergelegenheid-42821104-visarendhof/,,,,,,,,,,,,,,,,,,,1.0,,,,,,140,,,,,,,,,,False,False,
23,Twellosebeeklaan 115,3521 DR,€ 1.040 per maand (geen servicekosten),Geen,Onbepaalde tijd,10 oktober 2022,Beschikbaar,In overleg,Galerijflat,Nieuwbouw,2022,,,47 m²,,10 m²,122 m³,2 kamers (1 slaapkamer),,,5 woonlagen,1e woonlaag,,A,,,,,Parkeerplaats,,https://www.funda.nl/huur/utrecht/appartement-42989620-twellosebeeklaan-115/,,,,,Nee,Nee,Nee,Nee,Nee,Nee,,,,,,,,,,,,,,,1040,,47,2,1,,,,A,,False,False,
24,Dirkje Mariastraat 17,3551 SK,€ 1.325 per maand (geen servicekosten),€ 1.325 eenmalig,Onbepaalde tijd,12 oktober 2022,Verhuurd onder voorbehoud,Beschikbaar per 1-11-2022,Benedenwoning (appartement),Bestaande bouw,1912,Zadeldak bedekt met pannen,,50 m²,,,203 m³,2 kamers (1 slaapkamer),1 badkamer en 1 apart toilet,Douche,1 woonlaag,Begane grond,TV kabel,G,Dubbel glas,Cv-ketel,Cv-ketel,Aan rustige weg en in woonwijk,,Betaald parkeren en parkeervergunningen,https://www.funda.nl/huur/utrecht/appartement-42964133-dirkje-mariastraat-17/,Gestoffeerd,2 m²,,Vrijstaande stenen berging,,,,,,,,Achtertuin,,Combiketel,,"14 m² (2,86 meter diep en 4,82 meter breed)",Gelegen op het noordwesten,,,,,,,,1325,,50,2,1,1 badkamer , 1 apart toilet,2.0,G,,False,True,14
25,Hickorylaan 364,3545 CT,"€ 1.254 per maand (exclusief servicekosten à € 65,00 /mnd)",Geen,Onbepaalde tijd,2 maanden,Onder optie,In overleg,Galerijflat (appartement),Nieuwbouw,2022,Plat dak bedekt met bitumineuze dakbedekking,,98 m²,3 m²,11 m²,254 m³,3 kamers (2 slaapkamers),1 badkamer en 1 apart toilet,Ligbad,1 woonlaag,3e woonlaag,Lift en mechanische ventilatie,A,Volledig geïsoleerd,Stadsverwarming en gehele vloerverwarming,Stadsverwarming,In woonwijk,Parkeerkelder en parkeerplaats,Openbaar parkeren en parkeergarage,https://www.funda.nl/huur/utrecht/appartement-42813357-hickorylaan-364/,,,,,,,,,,,Balkon aanwezig,,,,,,,,,,,,,,1254,6500,98,3,2,1 badkamer , 1 apart toilet,2.0,A,,True,False,
26,Faustdreef 439,3561 LP,"€ 1.450 per maand (exclusief servicekosten à € 63,00 /mnd)",€ 1.513 eenmalig,Onbepaalde tijd,3 maanden,Beschikbaar,Beschikbaar per 1-12-2022,Bovenwoning (appartement),Bestaande bouw,1967,,,80 m²,,,208 m³,4 kamers (3 slaapkamers),,,1 woonlaag,8e woonlaag,,,,,,In woonwijk,,,https://www.funda.nl/huur/utrecht/appartement-88245559-faustdreef-439/,,,"E
            2,35",,Nee,Nee,Nee,Nee,Nee,Nee,,,"€ 1.395 per maand (exclusief servicekosten à € 63,00 /mnd)",,,,,,,,,,,,1450,6300,80,4,3,,,,E,"2,35",False,False,
27,Twellosebeeklaan 193,3521 DR,€ 1.150 per maand (geen servicekosten),Geen,Onbepaalde tijd,10 oktober 2022,Beschikbaar,In overleg,Galerijflat,Nieuwbouw,2022,,,52 m²,,6 m²,134 m³,2 kamers (1 slaapkamer),,,5 woonlagen,2e woonlaag,,A,,,,,Parkeerplaats,,https://www.funda.nl/huur/utrecht/appartement-42989624-twellosebeeklaan-193/,,,,,Nee,Nee,Nee,Nee,Nee,Nee,,,,,,,,,,,,,,,1150,,52,2,1,,,,A,,False,False,
28,Hickorylaan 78,3545 CT,"€ 1.329 per maand (exclusief servicekosten à € 65,00 /mnd)",Geen,Onbepaalde tijd,2 maanden,Onder optie,In overleg,Maisonnette (appartement),Nieuwbouw,2022,Plat dak bedekt met bitumineuze dakbedekking,,108 m²,5 m²,4 m²,281 m³,4 kamers (2 slaapkamers),1 apart toilet,,2 woonlagen,,Lift en mechanische ventilatie,A,Volledig geïsoleerd,Stadsverwarming en gehele vloerverwarming,Stadsverwarming,In woonwijk,Parkeerkelder en parkeerplaats,Openbaar parkeren en parkeergarage,https://www.funda.nl/huur/utrecht/appartement-42814667-hickorylaan-78/,,,,,,,,,,,,Zonneterras,,,,,,,,,,,,,1329,6500,108,4,2,1 apart toilet,,,A,,False,True,
29,Twellosebeeklaan 293,3521 DR,€ 1.070 per maand (geen servicekosten),Geen,Onbepaalde tijd,10 oktober 2022,Beschikbaar,In overleg,Galerijflat,Nieuwbouw,2022,,,50 m²,,4 m²,130 m³,2 kamers (1 slaapkamer),,,5 woonlagen,5e woonlaag,,A,,,,,Parkeerplaats,,https://www.funda.nl/huur/utrecht/appartement-42989611-twellosebeeklaan-293/,,,,,Nee,Nee,Nee,Nee,Nee,Nee,Balkon aanwezig,,,,,,,,,,,,,,1070,,50,2,1,,,,A,,True,False,
30,Twellosebeeklaan 237,3521 DR,€ 1.500 per maand (geen servicekosten),Geen,Onbepaalde tijd,10 oktober 2022,Beschikbaar,In overleg,Galerijflat,Nieuwbouw,2022,,,80 m²,,6 m²,209 m³,3 kamers (2 slaapkamers),,,5 woonlagen,3e woonlaag,,A,,,,,Parkeerplaats,,https://www.funda.nl/huur/utrecht/appartement-42989623-twellosebeeklaan-237/,,,,,Nee,Nee,Nee,Nee,Nee,Nee,,,,,,,,,,,,,,,1500,,80,3,2,,,,A,,False,False,
31,Hickorylaan 92,3545 CT,"€ 1.181 per maand (exclusief servicekosten à € 65,00 /mnd)",Geen,Onbepaalde tijd,2 maanden,Beschikbaar,In overleg,Galerijflat (appartement),Nieuwbouw,2022,Plat dak bedekt met bitumineuze dakbedekking,,81 m²,4 m²,7 m²,210 m³,3 kamers (2 slaapkamers),1 badkamer en 1 apart toilet,Ligbad,1 woonlaag,2e woonlaag,Lift en mechanische ventilatie,A,Volledig geïsoleerd,Stadsverwarming en gehele vloerverwarming,Stadsverwarming,In woonwijk,Parkeerkelder en parkeerplaats,Openbaar parkeren en parkeergarage,https://www.funda.nl/huur/utrecht/appartement-42814566-hickorylaan-92/,,,,,,,,,,,Balkon aanwezig,,,,,,,,,,,,,,1181,6500,81,3,2,1 badkamer , 1 apart toilet,2.0,A,,True,False,
32,Marshalllaan 335,3527 TJ,"€ 1.395 per maand (exclusief servicekosten à € 45,00 /mnd)",€ 1.440 eenmalig,Onbepaalde tijd,2 maanden,Verhuurd onder voorbehoud,Per direct beschikbaar,Bovenwoning (appartement),Bestaande bouw,1960,,,78 m²,,,203 m³,3 kamers (2 slaapkamers),,,1 woonlaag,3e woonlaag,,E,,,,In woonwijk,,,https://www.funda.nl/huur/utrecht/appartement-88266293-marshalllaan-335/,,,,,Nee,Nee,Nee,Nee,Nee,Nee,,,,,,,,,,,,,,,1395,4500,78,3,2,,,,E,,False,False,
33,Hickorylaan 348,3545 CT,"€ 1.181 per maand (exclusief servicekosten à € 65,00 /mnd)",Geen,Onbepaalde tijd,2 maanden,Onder optie,In overleg,Galerijflat (appartement),Nieuwbouw,2022,Plat dak bedekt met bitumineuze dakbedekking,,81 m²,4 m²,7 m²,210 m³,3 kamers (2 slaapkamers),1 badkamer en 1 apart toilet,Ligbad,1 woonlaag,3e woonlaag,Lift en mechanische ventilatie,A,Volledig geïsoleerd,Stadsverwarming en gehele vloerverwarming,Stadsverwarming,In woonwijk,Parkeerkelder en parkeerplaats,Openbaar parkeren en parkeergarage,https://www.funda.nl/huur/utrecht/appartement-42814665-hickorylaan-348/,,,,,,,,,,,Balkon aanwezig,,,,,,,,,,,,,,1181,6500,81,3,2,1 badkamer , 1 apart toilet,2.0,A,,True,False,
34,Twellosebeeklaan 315,3521 DR,€ 1.070 per maand (geen servicekosten),Geen,Onbepaalde tijd,10 oktober 2022,Beschikbaar,In overleg,Galerijflat,Nieuwbouw,2022,,,49 m²,,4 m²,128 m³,2 kamers (1 slaapkamer),,,5 woonlagen,5e woonlaag,,A,,,,,Parkeerplaats,,https://www.funda.nl/huur/utrecht/appartement-42989629-twellosebeeklaan-315/,,1 m²,,,Nee,Nee,Nee,Nee,Nee,Nee,Balkon aanwezig,,,,,,,,,,,,,,1070,,49,2,1,,,,A,,True,False,
35,Hickorylaan 108,3545 CT,"€ 1.264 per maand (exclusief servicekosten à € 65,00 /mnd)",Geen,Onbepaalde tijd,2 maanden,Onder optie,In overleg,Galerijflat (appartement),Nieuwbouw,2022,Plat dak bedekt met bitumineuze dakbedekking,,98 m²,4 m²,40 m²,254 m³,3 kamers (2 slaapkamers),1 badkamer en 1 apart toilet,Ligbad,1 woonlaag,2e woonlaag,Lift en mechanische ventilatie,A,Volledig geïsoleerd,Stadsverwarming en gehele vloerverwarming,Stadsverwarming,In woonwijk,Parkeerkelder en parkeerplaats,Openbaar parkeren en parkeergarage,https://www.funda.nl/huur/utrecht/appartement-42813337-hickorylaan-108/,,,,,,,,,,,Balkon aanwezig,,,,,,,,,,,,,,1264,6500,98,3,2,1 badkamer , 1 apart toilet,2.0,A,,True,False,
36,Marshalllaan 364,3527 TW,"€ 1.450 per maand (exclusief servicekosten à € 45,00 /mnd)",€ 1.495 eenmalig,Onbepaalde tijd,3 weken,Verhuurd onder voorbehoud,Beschikbaar per 1-11-2022,Bovenwoning (appartement),Bestaande bouw,1960,,,78 m²,,,203 m³,3 kamers (2 slaapkamers),,,1 woonlaag,3e woonlaag,,,,,,In woonwijk,,,https://www.funda.nl/huur/utrecht/appartement-88332234-marshalllaan-364/,,,"C
            1,43",,Nee,Nee,Nee,Nee,Nee,Nee,,,,,,,,,,,,,,,1450,4500,78,3,2,,,,C,"1,43",False,False,
37,Weg tot de Wetenschap 15 C,3584 AC,€ 1.650 per maand (geen servicekosten),€ 3.300 eenmalig,,2 weken,,,Portiekflat (appartement),Bestaande bouw,2016,,,,,,315 m³,2 kamers (1 slaapkamer),,,,,,,,,,,,,https://www.funda.nl/huur/utrecht/appartement-88333935-weg-tot-de-wetenschap-15-c/,,,Niet beschikbaar,,,,,,,,,,,,,,,68 m² wonen,,,,,,,1650,,68,2,1,,,,Niet beschikbaar,,False,False,
38,Hickorylaan 188,3545 CT,"€ 1.264 per maand (exclusief servicekosten à € 65,00 /mnd)",Geen,Onbepaalde tijd,2 maanden,Onder optie,In overleg,Galerijflat (appartement),Nieuwbouw,2022,Plat dak bedekt met bitumineuze dakbedekking,,98 m²,4 m²,17 m²,254 m³,3 kamers (2 slaapkamers),1 badkamer en 1 apart toilet,Ligbad,1 woonlaag,4e woonlaag,Lift en mechanische ventilatie,A,Volledig geïsoleerd,Stadsverwarming en gehele vloerverwarming,Stadsverwarming,In woonwijk,Parkeerkelder en parkeerplaats,Openbaar parkeren en parkeergarage,https://www.funda.nl/huur/utrecht/appartement-42813342-hickorylaan-188/,,,,,,,,,,,Balkon aanwezig,,,,,,,,,,,,,,1264,6500,98,3,2,1 badkamer , 1 apart toilet,2.0,A,,True,False,
39,Grifthoek 104,3514 JJ,"€ 1.360 per maand (exclusief servicekosten à € 50,00 /mnd)",€ 2.720 eenmalig,Onbepaalde tijd,2 weken,Beschikbaar,Per direct beschikbaar,Portiekflat (appartement),Bestaande bouw,,,,60 m²,4 m²,,240 m³,1 kamer (1 slaapkamer),1 badkamer en 1 apart toilet,"Ligbad, douche en toilet",1 woonlaag,2e woonlaag,,,,Cv-ketel,Cv-ketel,,Parkeerplaats,,https://www.funda.nl/huur/utrecht/appartement-42970364-grifthoek-104/,,6 m²,B,,,,,,,,,,,"Combiketel, eigendom",,,,,,2001-2010,,,,,1360,5000,60,1,1,1 badkamer , 1 apart toilet,2.0,B,,False,False,
40,Hickorylaan 340,3545 CT,"€ 1.111 per maand (exclusief servicekosten à € 65,00 /mnd)",Geen,Onbepaalde tijd,2 maanden,Onder optie,In overleg,Galerijflat (appartement),Nieuwbouw,2022,Plat dak bedekt met bitumineuze dakbedekking,,78 m²,2 m²,7 m²,202 m³,3 kamers (2 slaapkamers),1 badkamer en 1 apart toilet,Ligbad en douche,1 woonlaag,3e woonlaag,Lift en mechanische ventilatie,A,Volledig geïsoleerd,Stadsverwarming en gehele vloerverwarming,Stadsverwarming,In woonwijk,Parkeerkelder en parkeerplaats,Openbaar parkeren en parkeergarage,https://www.funda.nl/huur/utrecht/appartement-42813334-hickorylaan-340/,,,,,,,,,,,Balkon aanwezig,,,,,,,,,,,,,,1111,6500,78,3,2,1 badkamer , 1 apart toilet,2.0,A,,True,False,
41,Hickorylaan 264,3545 CT,"€ 1.169 per maand (exclusief servicekosten à € 65,00 /mnd)",Geen,Onbepaalde tijd,2 maanden,Onder optie,In overleg,Galerijflat (appartement),Nieuwbouw,2022,Plat dak bedekt met bitumineuze dakbedekking,,82 m²,3 m²,6 m²,213 m³,3 kamers (2 slaapkamers),1 badkamer en 1 apart toilet,Ligbad,1 woonlaag,1e woonlaag,Lift en mechanische ventilatie,A,Volledig geïsoleerd,Stadsverwarming,Stadsverwarming,In woonwijk,Parkeerkelder en parkeerplaats,Openbaar parkeren en parkeergarage,https://www.funda.nl/huur/utrecht/appartement-42814576-hickorylaan-264/,,,,,,,,,,,,Zonneterras,,,,,,,,,,,,,1169,6500,82,3,2,1 badkamer , 1 apart toilet,2.0,A,,False,True,
42,Wisselstraat 64 *,3551 WG,€ 1.450 per maand (geen servicekosten),€ 2.900 eenmalig,Onbepaalde tijd,13 oktober 2022,Onder optie,Per direct beschikbaar,Galerijflat (appartement),Bestaande bouw,2020,Plat dak bedekt met bitumineuze dakbedekking,,48 m²,,,165 m³,1 kamer (1 slaapkamer),1 badkamer,Toilet,1 woonlaag,3e woonlaag,"Glasvezelkabel, lift, mechanische ventilatie en zonnecollectoren",,Volledig geïsoleerd,Warmte terugwininstallatie en warmtepomp,,In woonwijk,,Betaald parkeren en parkeervergunningen,https://www.funda.nl/huur/utrecht/appartement-42977670-wisselstraat-64/,,,A,,Ja,Ja,Ja,Ja,Ja,Ja,,,,,,,,,,,,,,,1450,,48,1,1,1 badkamer,,,A,,False,False,
43,Grifthoek 118,3514 JJ,"€ 1.569 per maand (exclusief servicekosten à € 55,00 /mnd)",€ 3.138 eenmalig,Onbepaalde tijd,19 oktober 2022,Beschikbaar,Per direct beschikbaar,Galerijflat (appartement),Bestaande bouw,,Plat dak,,80 m²,3 m²,5 m²,208 m³,3 kamers (2 slaapkamers),1 badkamer en 1 apart toilet,"Ligbad, douche en toilet",1 woonlaag,1e woonlaag,Glasvezelkabel en mechanische ventilatie,,Dubbel glas,Cv-ketel,Cv-ketel,Aan park en in centrum,Parkeerkelder,Parkeergarage,https://www.funda.nl/huur/utrecht/appartement-42990920-grifthoek-118/,,5 m²,C,Box,,,,,,,Balkon aanwezig,,,,,,,,,2001-2010,,,,,1569,5500,80,3,2,1 badkamer , 1 apart toilet,2.0,C,,True,False,
44,Wisselstraat 78,3551 WG,€ 1.600 per maand (geen servicekosten),€ 3.200 eenmalig,Tijdelijke verhuur,5 weken,Beschikbaar,Per direct beschikbaar,Bovenwoning,Bestaande bouw,Na 2020,,,47 m²,,5 m²,156 m³,2 kamers (1 slaapkamer),,,1 woonlaag,,,,,,,,,,https://www.funda.nl/huur/utrecht/appartement-88313747-wisselstraat-78/,,,Niet beschikbaar,,,,,,,,,,,,,,,,,,,,,,1600,,47,2,1,,,,Niet beschikbaar,,False,False,
45,Monnetlaan 83 A,3527 GN,"€ 1.350 per maand (exclusief servicekosten à € 45,00 /mnd)",€ 1.395 eenmalig,Onbepaalde tijd,4 weken,Beschikbaar,Beschikbaar per 1-11-2022,Bovenwoning (appartement),Bestaande bouw,1960,,,57 m²,,,148 m³,3 kamers (2 slaapkamers),,,1 woonlaag,,,,,,,In woonwijk,,,https://www.funda.nl/huur/utrecht/appartement-88320624-monnetlaan-83-a/,,,Niet beschikbaar,,Nee,Nee,Nee,Nee,Nee,Nee,,,,,,,,,,,,,,,1350,4500,57,3,2,,,,Niet beschikbaar,,False,False,
46,Twellosebeeklaan 111,3521 DR,€ 1.500 per maand (geen servicekosten),Geen,Onbepaalde tijd,7 weken,Beschikbaar,Per direct beschikbaar,Galerijflat (appartement),Nieuwbouw,2021,,,81 m²,,,230 m³,3 kamers (2 slaapkamers),,,5 woonlagen,1e woonlaag,,,,,,,Parkeerkelder,,https://www.funda.nl/huur/utrecht/appartement-42837940-twellosebeeklaan-111/,,,Niet beschikbaar,,Nee,Nee,Nee,Nee,Nee,Nee,,,€ 1.250 per maand (geen servicekosten),,,,,,,,,,,,1500,,81,3,2,,,,Niet beschikbaar,,False,False,
47,Rubicondreef 198,3561 JH,"€ 1.450 per maand (exclusief servicekosten à € 63,00 /mnd)",€ 1.513 eenmalig,Onbepaalde tijd,2 weken,Onder optie,Beschikbaar per 1-12-2022,Bovenwoning (appartement),Bestaande bouw,1967,,,80 m²,,,208 m³,4 kamers (3 slaapkamers),,,1 woonlaag,8e woonlaag,,,,,,In woonwijk,,,https://www.funda.nl/huur/utrecht/appartement-88335389-rubicondreef-198/,,,"F
            2,58",,Nee,Nee,Nee,Nee,Nee,Nee,,,,,,,,,,,,,,,1450,6300,80,4,3,,,,F,"2,58",False,False,
48,Faustdreef 135,3561 LD,"€ 1.450 per maand (exclusief servicekosten à € 63,00 /mnd)",€ 1.513 eenmalig,Onbepaalde tijd,2 maanden,Beschikbaar,Beschikbaar per 1-12-2022,Bovenwoning (appartement),Bestaande bouw,1967,,,80 m²,,,208 m³,4 kamers (3 slaapkamers),,,1 woonlaag,7e woonlaag,,,,,,In woonwijk,,,https://www.funda.nl/huur/utrecht/appartement-88275024-faustdreef-135/,,,"E
            2,35",,Nee,Nee,Nee,Nee,Nee,Nee,,,"€ 1.395 per maand (exclusief servicekosten à € 63,00 /mnd)",,,,,,,,,,,,1450,6300,80,4,3,,,,E,"2,35",False,False,
49,Kromme Nieuwegracht 60 2,3512 HL,€ 1.650 per maand (geen servicekosten),€ 3.300 eenmalig,,13 oktober 2022,,,Bovenwoning (appartement),Bestaande bouw,1450,,,,,,150 m³,2 kamers (1 slaapkamer),,,,,,,,,,,,,https://www.funda.nl/huur/utrecht/appartement-88348428-kromme-nieuwegracht-60-2/,,,Niet beschikbaar,,,,,,,,,,,,,,,60 m² wonen,,,,,,,1650,,60,2,1,,,,Niet beschikbaar,,False,False,
50,2e Atjehstraat 55,3531 SR,€ 1.495 per maand (geen servicekosten),€ 1.495 eenmalig,Onbepaalde tijd,Vandaag,Beschikbaar,Per direct beschikbaar,Benedenwoning (appartement),Bestaande bouw,,,,60 m²,,9 m²,173 m³,2 kamers (1 slaapkamer),,,1 woonlaag,Begane grond,TV kabel,G,"Dakisolatie, dubbel glas, muurisolatie en vloerisolatie",Gehele vloerverwarming,Cv-ketel,Aan rustige weg,,,https://www.funda.nl/huur/utrecht/appartement-42994590-2e-atjehstraat-55/,,,,,Ja,Nee,Nee,Nee,Nee,Ja,,Patio/atrium,,,,,Gelegen op het noordwesten,,,1906-1930,"9 m² (0,03 meter diep en 0,03 meter breed)",,,,1495,,60,2,1,,,,G,,False,False,
51,Nieuwegracht 76 bg,3512 LV,€ 1.350 per maand (geen servicekosten),€ 2.700 eenmalig,,20 oktober 2022,,,Benedenwoning (appartement),Bestaande bouw,1600,,,,,,100 m³,2 kamers (1 slaapkamer),,,,,,,,,,,,,https://www.funda.nl/huur/utrecht/appartement-88356669-nieuwegracht-76-bg/,,,Niet beschikbaar,,,,,,,,,,,,,,,45 m² wonen,,,,,,,1350,,45,2,1,,,,Niet beschikbaar,,False,False,
52,Herenstraat 6 N,3512 KC,€ 1.600 per maand (geen servicekosten),€ 1.950 eenmalig,Onbepaalde tijd,14 oktober 2022,Beschikbaar,Beschikbaar per 1-12-2022,Maisonnette (appartement),Bestaande bouw,Voor 1906,Zadeldak bedekt met leisteen,,58 m²,,,153 m³,3 kamers (1 slaapkamer),1 badkamer en 1 apart toilet,Ligbad en douche,2 woonlagen,1e woonlaag,"Mechanische ventilatie, natuurlijke ventilatie en TV kabel",,Volledig geïsoleerd,Stadsverwarming,Centrale voorziening,In centrum,,Betaald parkeren,https://www.funda.nl/huur/utrecht/appartement-42996612-herenstraat-6-n/,Gemeubileerd en monument,,Niet verplicht,,,,,,,,,,,,,,,,,,,,,,1600,,58,3,1,1 badkamer , 1 apart toilet,2.0,Niet verplicht,,False,False,
53,CAB-rondom 129,3534 BJ,€ 1.595 per maand (servicekosten onbekend),Geen,Onbepaalde tijd,20 oktober 2022,Beschikbaar,In overleg,Galerijflat (appartement),Nieuwbouw,2023,Plat dak bedekt met bitumineuze dakbedekking,,110 m²,2 m²,42 m²,286 m³,3 kamers (2 slaapkamers),2 badkamers en 1 apart toilet,,1 woonlaag,4e woonlaag,"Lift, mechanische ventilatie en zonnepanelen",A,Volledig geïsoleerd,Stadsverwarming en gehele vloerverwarming,Stadsverwarming,In centrum en in woonwijk,,Openbaar parkeren,https://www.funda.nl/huur/utrecht/appartement-42992027-cab-rondom-129/,,,,,,,,,,,Balkon aanwezig,,,,,,,,,,,,,,1595,,110,3,2,2 badkamers , 1 apart toilet,3.0,A,,True,False,
54,Faustdreef 107,3561 LC,"€ 1.395 per maand (exclusief servicekosten à € 63,00 /mnd)",€ 1.458 eenmalig,Onbepaalde tijd,3 maanden,Onder optie,Beschikbaar per 31-10-2022,Bovenwoning (appartement),Bestaande bouw,1967,,,80 m²,,,208 m³,4 kamers (3 slaapkamers),,,1 woonlaag,6e woonlaag,,,,,,In woonwijk,,,https://www.funda.nl/huur/utrecht/appartement-88231824-faustdreef-107/,,,"E
            2,35",,Nee,Nee,Nee,Nee,Nee,Nee,,,,,,,,,,,,,,,1395,6300,80,4,3,,,,E,"2,35",False,False,
55,Hickorylaan 96,3545 CT,"€ 1.181 per maand (exclusief servicekosten à € 65,00 /mnd)",Geen,Onbepaalde tijd,2 maanden,Beschikbaar,In overleg,Galerijflat (appartement),Nieuwbouw,2022,Plat dak bedekt met bitumineuze dakbedekking,,81 m²,4 m²,7 m²,210 m³,3 kamers (2 slaapkamers),1 badkamer en 1 apart toilet,Ligbad,1 woonlaag,2e woonlaag,Lift en mechanische ventilatie,A,Volledig geïsoleerd,Stadsverwarming en gehele vloerverwarming,Stadsverwarming,In woonwijk,Parkeerkelder en parkeerplaats,Openbaar parkeren en parkeergarage,https://www.funda.nl/huur/utrecht/appartement-42814564-hickorylaan-96/,,,,,,,,,,,Balkon aanwezig,,,,,,,,,,,,,,1181,6500,81,3,2,1 badkamer , 1 apart toilet,2.0,A,,True,False,
56,Nieuwegracht 26 B,3512 LS,€ 1.300 per maand (geen servicekosten),€ 1.300 eenmalig,,6+ maanden,,,Tussenverdieping (appartement),Bestaande bouw,1967,,,,,,112 m³,2 kamers (1 slaapkamer),,,,,,A,,,,,,,https://www.funda.nl/huur/utrecht/appartement-87771771-nieuwegracht-26-b/,,,,,,,,,,,,,,,,,,44 m² wonen,,,,,,,1300,,44,2,1,,,,A,,False,False,
57,Eykmanlaan 411,3571 JR,"€ 1.200 per maand (exclusief servicekosten à € 140,00 /mnd)",Geen,Onbepaalde tijd,3 maanden,Beschikbaar,Per direct beschikbaar,Bovenwoning,Bestaande bouw,1960,,,94 m²,,,244 m³,4 kamers (3 slaapkamers),,,1 woonlaag,,,,,,,,,,https://www.funda.nl/huur/utrecht/appartement-42897483-eykmanlaan-411/,,,"G
            3,53",,Nee,Nee,Nee,Nee,Nee,Nee,,,,,,,,,,,,,,,1200,14000,94,4,3,,,,G,"3,53",False,False,
58,Londenstraat 126,3541 CB,€ 1.600 per maand (geen servicekosten),€ 3.200 eenmalig,Onbepaalde tijd,7 weken,Verhuurd onder voorbehoud,Beschikbaar per 1-11-2022,Galerijflat (appartement),Bestaande bouw,,Plat dak bedekt met bitumineuze dakbedekking,,67 m²,,3 m²,265 m³,3 kamers (1 slaapkamer),,,1 woonlaag,5e woonlaag,Elektra,,,Stadsverwarming,,In centrum,Parkeerkelder,Betaald parkeren,https://www.funda.nl/huur/utrecht/appartement-88290983-londenstraat-126/,,3 m²,A,Inpandig,Ja,Ja,Ja,Ja,Ja,Ja,,,,,,,,,,2011-2020,,"Algemene Woningkeur, brandveiligheid en Politiekeurmerk",,,1600,,67,3,1,,,,A,,False,False,
59,Van Sijpesteijnkade 17 G,3521 AH,€ 950 per maand (geen servicekosten),Geen,Onbepaalde tijd,3 maanden,Beschikbaar,Per direct beschikbaar,Galerijflat,Nieuwbouw,2022,,,43 m²,,,112 m³,2 kamers (1 slaapkamer),1 badkamer,,14 woonlagen,4e woonlaag,,,,,,,,,https://www.funda.nl/huur/utrecht/appartement-42886549-van-sijpesteijnkade-17-g/,,,Niet beschikbaar,,Nee,Nee,Nee,Nee,Nee,Nee,,,,,,,,,,,,,,,950,,43,2,1,1 badkamer,,,Niet beschikbaar,,False,False,
60,Van Hoornekade 135,3554 AT,€ 1.100 per maand (geen servicekosten),€ 1.100 eenmalig,Onbepaalde tijd,21 oktober 2022,Beschikbaar,In overleg,Bovenwoning,Bestaande bouw,1931,,,90 m²,4 m²,,225 m³,4 kamers (2 slaapkamers),,,2 woonlagen,,,G,,,,,,Openbaar parkeren,https://www.funda.nl/huur/utrecht/appartement-42905507-van-hoornekade-135/,,4 m²,,,,,,,,,,,,,,,,,,,,,,,1100,,90,4,2,,,,G,,False,False,
61,Voorsterbeeklaan,3521 DE,€ 100 per maand (geen servicekosten),€ 200 eenmalig,Onbepaalde tijd,17 oktober 2022,Beschikbaar,Per direct beschikbaar,,Bestaande bouw,,,,,,,,,,,,,,,,,,,,Parkeerkelder,https://www.funda.nl/huur/utrecht/parkeergelegenheid-88339577-voorsterbeeklaan/,,,,,,,,,,,,,,,,,,,1.0,,,,,,100,,,,,,,,,,False,False,
62,Wilde rucolavliet 41,3545 CL,€ 1.235 per maand (servicekosten onbekend),€ 3.837 eenmalig,Onbepaalde tijd,14 oktober 2022,Beschikbaar,Beschikbaar per 1-12-2022,Galerijflat (appartement),Bestaande bouw,2020,Plat dak bedekt met bitumineuze dakbedekking,,81 m²,,8 m²,211 m³,3 kamers (2 slaapkamers),1 badkamer en 1 apart toilet,Douche,1 woonlaag,3e woonlaag,Elektra,,Dubbel glas en volledig geïsoleerd,Stadsverwarming en gedeeltelijke vloerverwarming,Stadsverwarming,Aan rustige weg en in woonwijk,Parkeerplaats,Op eigen terrein,https://www.funda.nl/huur/utrecht/appartement-42983233-wilde-rucolavliet-41/,,5 m²,A,Box,,,,,,,Balkon aanwezig,,,,,,,,,,,,,,1235,,81,3,2,1 badkamer , 1 apart toilet,2.0,A,,True,False,
63,Hickorylaan 100,3545 CT,"€ 1.184 per maand (exclusief servicekosten à € 65,00 /mnd)",Geen,Onbepaalde tijd,2 maanden,Onder optie,In overleg,Galerijflat (appartement),Nieuwbouw,2022,Plat dak bedekt met bitumineuze dakbedekking,,83 m²,8 m²,10 m²,215 m³,3 kamers (2 slaapkamers),1 badkamer en 1 apart toilet,Ligbad,1 woonlaag,2e woonlaag,Lift en mechanische ventilatie,A,Volledig geïsoleerd,Stadsverwarming en gehele vloerverwarming,Stadsverwarming,In woonwijk,Parkeerkelder en parkeerplaats,Openbaar parkeren en parkeergarage,https://www.funda.nl/huur/utrecht/appartement-42814464-hickorylaan-100/,,,,,,,,,,,Balkon aanwezig,,,,,,,,,,,,,,1184,6500,83,3,2,1 badkamer , 1 apart toilet,2.0,A,,True,False,
64,Reykjavikstraat 568,3543 KB,"€ 968 per maand (exclusief servicekosten à € 30,00 /mnd)",Geen,Onbepaalde tijd,3 maanden,Verhuurd onder voorbehoud,Per direct beschikbaar,Portiekflat (appartement),Bestaande bouw,2018,,,48 m²,,,144 m³,1 kamer (1 slaapkamer),1 badkamer,Douche en toilet,6 woonlagen,5e woonlaag,,,Volledig geïsoleerd,Stadsverwarming,,Aan drukke weg en in woonwijk,,Betaald parkeren en parkeergarage,https://www.funda.nl/huur/utrecht/appartement-42897370-reykjavikstraat-568/,,,A,,Nee,Nee,Nee,Nee,Nee,Nee,Balkon aanwezig,,,,,,,,,,,,,,968,3000,48,1,1,1 badkamer,,,A,,True,False,
65,Potterstraat 4 A,3512 TA,€ 1.650 per maand (geen servicekosten),€ 1.650 eenmalig,Onbepaalde tijd,6 weken,Onder optie,Per direct beschikbaar,Bovenwoning (appartement met open portiek),Bestaande bouw,1900,Plat dak bedekt met bitumineuze dakbedekking,,73 m²,,6 m²,240 m³,2 kamers (1 slaapkamer),1 apart toilet,,1 woonlaag,1e woonlaag,TV kabel,,"Dakisolatie, dubbel glas, muurisolatie en vloerisolatie",Stadsverwarming,Centrale voorziening,"Aan drukke weg, in centrum, in woonwijk en vrij uitzicht",,Betaald parkeren en parkeervergunningen,https://www.funda.nl/huur/utrecht/appartement-88200965-potterstraat-4-a/,Gestoffeerd,,Niet beschikbaar,,,,,,,,,Zonneterras,,,,,,,,,,,,,1650,,73,2,1,1 apart toilet,,,Niet beschikbaar,,False,True,
66,Kanaalweg 95 17,3533 HH,€ 1.095 per maand (servicekosten onbekend),€ 2.190 eenmalig,,2 weken,,,Bovenwoning (appartement),Bestaande bouw,2017,,,,,,100 m³,2 kamers (1 slaapkamer),,,,,,,,,,,,,https://www.funda.nl/huur/utrecht/appartement-88338739-kanaalweg-95-17/,,,A++,,,,,,,,,,,,,,,38 m² wonen,,,,,,,1095,,38,2,1,,,,A++,,False,False,
67,Reyer Anslostraat 143 P,3522 DJ,€ 165 per maand (geen servicekosten),€ 200 eenmalig,Onbepaalde tijd,6+ maanden,Beschikbaar,Per direct beschikbaar,,Nieuwbouw,,,,,,,,,,,,,,,,,,,,Parkeerplaats,https://www.funda.nl/huur/utrecht/parkeergelegenheid-88950812-reyer-anslostraat-143-p/,,,,,,,,,,,,,€ 180 per maand (geen servicekosten),,,,,,1.0,,,,,,165,,,,,,,,,,False,False,
68,Auriollaan 12,3527 EV,"€ 1.450 per maand (exclusief servicekosten à € 45,00 /mnd)",€ 1.495 eenmalig,Onbepaalde tijd,2 weken,Beschikbaar,Beschikbaar per 1-12-2022,Bovenwoning (appartement),Bestaande bouw,1960,,,76 m²,,,198 m³,3 kamers (2 slaapkamers),,,1 woonlaag,3e woonlaag,,,,,,In woonwijk,,,https://www.funda.nl/huur/utrecht/appartement-88335360-auriollaan-12/,,,"G
            3,13",,Nee,Nee,Nee,Nee,Nee,Nee,,,,,,,,,,,,,,,1450,4500,76,3,2,,,,G,"3,13",False,False,
69,Pieterskerkhof 23 E,3512 JS,"€ 1.495 per maand (exclusief servicekosten à € 100,00 /mnd)",€ 2.990 eenmalig,Onbepaalde tijd,21 oktober 2022,Beschikbaar,Beschikbaar per 1-11-2022,Bovenwoning (appartement),Bestaande bouw,2022,Plat dak bedekt met bitumineuze dakbedekking,,42 m²,,,145 m³,2 kamers (1 slaapkamer),1 badkamer en 1 apart toilet,,1 woonlaag,2e woonlaag,Elektra,,"Dakisolatie, dubbel glas, muurisolatie, vloerisolatie en volledig geïsoleerd",Stadsverwarming,Stadsverwarming,In centrum,,Betaald parkeren,https://www.funda.nl/huur/utrecht/appartement-88357725-pieterskerkhof-23-e/,Gestoffeerd en monumentaal pand,5 m²,A+++,Box,,,,,,,,,,,,,,,,,,,,,1495,10000,42,2,1,1 badkamer , 1 apart toilet,2.0,A+++,,False,False,
70,Tannhäuserdreef 136,3561 HK,"€ 1.450 per maand (exclusief servicekosten à € 63,00 /mnd)",€ 1.513 eenmalig,Onbepaalde tijd,5 maanden,Beschikbaar,Beschikbaar per 1-11-2022,Bovenwoning (appartement),Bestaande bouw,1965,,,80 m²,,,208 m³,4 kamers (3 slaapkamers),,,1 woonlaag,5e woonlaag,,,,,,In woonwijk,,,https://www.funda.nl/huur/utrecht/appartement-88169457-tannhauserdreef-136/,,,"D
            1,89",,Nee,Nee,Nee,Nee,Nee,Nee,,,"€ 1.395 per maand (exclusief servicekosten à € 63,00 /mnd)",,,,,,,,,,,,1450,6300,80,4,3,,,,D,"1,89",False,False,
71,CAB-rondom 157,3534 BJ,€ 927 per maand (servicekosten onbekend),Geen,Onbepaalde tijd,20 oktober 2022,Beschikbaar,In overleg,Galerijflat,Nieuwbouw,2023,Plat dak bedekt met bitumineuze dakbedekking,,74 m²,2 m²,11 m²,192 m³,3 kamers (2 slaapkamers),1 badkamer en 1 apart toilet,,1 woonlaag,5e woonlaag,"Lift, mechanische ventilatie en zonnepanelen",A,Volledig geïsoleerd,Stadsverwarming en gehele vloerverwarming,Stadsverwarming,In centrum en in woonwijk,,Openbaar parkeren,https://www.funda.nl/huur/utrecht/appartement-42992963-cab-rondom-157/,,,,,,,,,,,Balkon aanwezig,,,,,,,,,,,,,,927,,74,3,2,1 badkamer , 1 apart toilet,2.0,A,,True,False,
72,Faustdreef 473,3561 LR,"€ 1.395 per maand (exclusief servicekosten à € 63,00 /mnd)",€ 1.458 eenmalig,Onbepaalde tijd,5 maanden,Beschikbaar,Beschikbaar per direct beschikbaar,Bovenwoning (appartement),Bestaande bouw,1967,,,80 m²,,,208 m³,4 kamers (3 slaapkamers),,,1 woonlaag,9e woonlaag,,,,,,In woonwijk,,,https://www.funda.nl/huur/utrecht/appartement-88145062-faustdreef-473/,,,"E
            2,06",,Nee,Nee,Nee,Nee,Nee,Nee,,,,,,,,,,,,,,,1395,6300,80,4,3,,,,E,"2,06",False,False,
73,Twellosebeeklaan 281,3521 DR,€ 1.500 per maand (geen servicekosten),Geen,Onbepaalde tijd,10 oktober 2022,Beschikbaar,In overleg,Galerijflat,Nieuwbouw,2022,,,80 m²,,6 m²,209 m³,3 kamers (2 slaapkamers),,,5 woonlagen,4e woonlaag,,A,,,,,Parkeerplaats,,https://www.funda.nl/huur/utrecht/appartement-42989618-twellosebeeklaan-281/,,,,,Nee,Nee,Nee,Nee,Nee,Nee,,,,,,,,,,,,,,,1500,,80,3,2,,,,A,,False,False,
74,Hickorylaan 386,3545 CT,"€ 1.322 per maand (exclusief servicekosten à € 65,00 /mnd)",Geen,Onbepaalde tijd,2 maanden,Onder optie,In overleg,Galerijflat (appartement),Nieuwbouw,2022,Plat dak bedekt met bitumineuze dakbedekking,,104 m²,8 m²,10 m²,270 m³,3 kamers (2 slaapkamers),1 badkamer en 1 apart toilet,Ligbad en douche,1 woonlaag,4e woonlaag,Lift en mechanische ventilatie,A,Volledig geïsoleerd,Stadsverwarming en gehele vloerverwarming,Stadsverwarming,In woonwijk,Parkeerkelder en parkeerplaats,Openbaar parkeren en parkeergarage,https://www.funda.nl/huur/utrecht/appartement-42813346-hickorylaan-386/,,,,,,,,,,,,,,,,,,,,,,,,,1322,6500,104,3,2,1 badkamer , 1 apart toilet,2.0,A,,False,False,
75,Linnaeusstraat 30 bis,3553 CE,€ 1.075 per maand (servicekosten onbekend),€ 1.275 eenmalig,,3 weken,,,Bovenwoning,Bestaande bouw,1926,,,,,,80 m³,1 kamer,,,,,,,,,,,,,https://www.funda.nl/huur/utrecht/appartement-88325786-linnaeusstraat-30-bis/,,,Niet beschikbaar,,,,,,,,,,,,,,,38 m² wonen,,,,,,,1075,,38,1,,,,,Niet beschikbaar,,False,False,
76,Moreelsehoek 268,3511 EZ,"€ 1.040 per maand (exclusief servicekosten à € 80,00 /mnd)",Geen,Onbepaalde tijd,6+ maanden,Beschikbaar,Per direct beschikbaar,Tussenverdieping,Bestaande bouw,2020,,,50 m²,,,130 m³,1 kamer (1 slaapkamer),,,1 woonlaag,,,,,,,Vrij uitzicht,,,https://www.funda.nl/huur/utrecht/appartement-42694462-moreelsehoek-268/,,,Niet beschikbaar,,Nee,Nee,Nee,Nee,Nee,Nee,,,,,,,,,,,,,,,1040,8000,50,1,1,,,,Niet beschikbaar,,False,False,
77,Twellosebeeklaan 139,3521 DR,€ 1.040 per maand (geen servicekosten),Geen,Onbepaalde tijd,10 oktober 2022,Beschikbaar,In overleg,Galerijflat,Nieuwbouw,2022,,,46 m²,,10 m²,120 m³,2 kamers (1 slaapkamer),,,5 woonlagen,1e woonlaag,,A,,,,,Parkeerplaats,,https://www.funda.nl/huur/utrecht/appartement-42989627-twellosebeeklaan-139/,,,,,Nee,Nee,Nee,Nee,Nee,Nee,,,,,,,,,,,,,,,1040,,46,2,1,,,,A,,False,False,
78,CAB-rondom 9,3534 BJ,€ 927 per maand (servicekosten onbekend),Geen,Onbepaalde tijd,20 oktober 2022,Beschikbaar,In overleg,Galerijflat (appartement),Nieuwbouw,2022,Plat dak bedekt met bitumineuze dakbedekking,,74 m²,,,192 m³,2 kamers,1 badkamer en 1 apart toilet,,2 woonlagen,,"Lift, mechanische ventilatie en zonnepanelen",A,Volledig geïsoleerd,Stadsverwarming en gehele vloerverwarming,Stadsverwarming,In centrum en in woonwijk,,Openbaar parkeren,https://www.funda.nl/huur/utrecht/appartement-42991940-cab-rondom-9/,,,,,,,,,,,,Zonneterras,,,,,,,,,,,,,927,,74,2,,1 badkamer , 1 apart toilet,2.0,A,,False,True,
79,Plesmanlaan 50 1,3555 AP,€ 1.350 per maand (geen servicekosten),€ 1.350 eenmalig,Tijdelijke verhuur,19 oktober 2022,Beschikbaar,Beschikbaar per 7-11-2022,Galerijflat (appartement),Bestaande bouw,1957,Plat dak bedekt met bitumineuze dakbedekking,,61 m²,,2 m²,200 m³,2 kamers (1 slaapkamer),1 badkamer en 1 apart toilet,,1 woonlaag,3e woonlaag,Elektra,,Dubbel glas,Gaskachels,Elektrische boiler,"Aan rustige weg, in woonwijk en vrij uitzicht",,Openbaar parkeren,https://www.funda.nl/huur/utrecht/appartement-42974406-plesmanlaan-50-1/,Gemeubileerd,5 m²,G,Inpandig,,,,,,,Balkon aanwezig,,,,,,,,,,,,,,1350,,61,2,1,1 badkamer , 1 apart toilet,2.0,G,,True,False,
80,Visschersplein 178,3511 LX,€ 1.495 per maand (geen servicekosten),€ 2.990 eenmalig,,2 weken,,,Bovenwoning (appartement),Bestaande bouw,Voor 1906,,,,,,196 m³,2 kamers (1 slaapkamer),,,,,,,,,,,,,https://www.funda.nl/huur/utrecht/appartement-88337904-visschersplein-178/,,,Niet verplicht,,,,,,,,,,,,,,,70 m² wonen,,,,,,,1495,,70,2,1,,,,Niet verplicht,,False,False,
81,CAB-rondom 13,3534 BJ,€ 934 per maand (servicekosten onbekend),Geen,Onbepaalde tijd,20 oktober 2022,Beschikbaar,In overleg,Maisonnette (appartement),Nieuwbouw,2022,Plat dak bedekt met bitumineuze dakbedekking,,75 m²,,,195 m³,2 kamers,1 badkamer en 1 apart toilet,,2 woonlagen,,"Lift, mechanische ventilatie en zonnepanelen",A,Volledig geïsoleerd,Stadsverwarming en gehele vloerverwarming,Stadsverwarming,In centrum en in woonwijk,,Openbaar parkeren,https://www.funda.nl/huur/utrecht/appartement-42991067-cab-rondom-13/,,,,,,,,,,,,Zonneterras,,,,,,,,,,,,,934,,75,2,,1 badkamer , 1 apart toilet,2.0,A,,False,True,
82,Oud-Wulvenplantsoen 69,3523 XS,"€ 1.524 per maand (exclusief servicekosten à € 45,00 /mnd)",Geen,Onbepaalde tijd,7 weken,Beschikbaar,Beschikbaar per direct beschikbaar,Portiekwoning (appartement),Bestaande bouw,2009,,,89 m²,,10 m²,214 m³,3 kamers (2 slaapkamers),1 badkamer en 1 apart toilet,Douche,7 woonlagen,7e woonlaag,,,,,,,Parkeerplaats,,https://www.funda.nl/huur/utrecht/appartement-42836273-oud-wulvenplantsoen-69/,,,A,,Nee,Nee,Nee,Nee,Nee,Nee,Balkon aanwezig,,,,,,,,,,,,,,1524,4500,89,3,2,1 badkamer , 1 apart toilet,2.0,A,,True,False,
83,Twellosebeeklaan 159,3521 DR,€ 950 per maand (geen servicekosten),Geen,Onbepaalde tijd,10 oktober 2022,Beschikbaar,In overleg,Galerijflat,Nieuwbouw,2022,,,49 m²,,4 m²,128 m³,2 kamers (1 slaapkamer),,,5 woonlagen,2e woonlaag,,A,,,,,Parkeerplaats,,https://www.funda.nl/huur/utrecht/appartement-42989621-twellosebeeklaan-159/,,,,,Nee,Nee,Nee,Nee,Nee,Nee,Balkon aanwezig,,,,,,,,,,,,,,950,,49,2,1,,,,A,,True,False,
84,Marshalllaan 333,3527 TJ,"€ 725 per maand (exclusief servicekosten à € 45,00 /mnd)",€ 770 eenmalig,Onbepaalde tijd,3 weken,Beschikbaar,Beschikbaar per 1-12-2022,Bovenwoning (appartement),Bestaande bouw,1960,,,41 m²,,,107 m³,2 kamers (1 slaapkamer),,,1 woonlaag,3e woonlaag,,,,,,In woonwijk,,,https://www.funda.nl/huur/utrecht/appartement-88339649-marshalllaan-333/,,,"D
            1,96",,Nee,Nee,Nee,Nee,Nee,Nee,,,,,,,,,,,,,,,725,4500,41,2,1,,,,D,"1,96",False,False,
85,Faustdreef 475,3561 LR,"€ 1.450 per maand (exclusief servicekosten à € 63,00 /mnd)",€ 1.513 eenmalig,Onbepaalde tijd,3 weken,Beschikbaar,Beschikbaar per 1-1-2023,Bovenwoning (appartement),Bestaande bouw,1967,,,80 m²,,,208 m³,4 kamers (3 slaapkamers),,,1 woonlaag,9e woonlaag,,,,,,In woonwijk,,,https://www.funda.nl/huur/utrecht/appartement-88332148-faustdreef-475/,,,"E
            2,06",,Nee,Nee,Nee,Nee,Nee,Nee,,,,,,,,,,,,,,,1450,6300,80,4,3,,,,E,"2,06",False,False,
86,Buys Ballotstraat 5 Bel,3572 ZN,€ 1.250 per maand (geen servicekosten),€ 1.525 eenmalig,Tijdelijke verhuur,Vandaag,Verhuurd onder voorbehoud,Per direct beschikbaar,Benedenwoning (bel-etage),Bestaande bouw,1920,,,54 m²,,3 m²,167 m³,3 kamers (1 slaapkamer),1 badkamer,Douche en toilet,1 woonlaag,Begane grond,TV kabel,,"Gedeeltelijk dubbel glas, muurisolatie en vloerisolatie",Cv-ketel,Cv-ketel,Aan rustige weg en in woonwijk,,Betaald parkeren,https://www.funda.nl/huur/utrecht/appartement-42987734-buys-ballotstraat-5-bel/,Gemeubileerd,5 m²,Niet beschikbaar,,,,,,,,Balkon aanwezig,,,Eigendom,,,,,,,,,,,1250,,54,3,1,1 badkamer,,,Niet beschikbaar,,True,False,
87,Faustdreef 37,3561 LA,"€ 1.450 per maand (exclusief servicekosten à € 63,00 /mnd)",€ 1.513 eenmalig,Onbepaalde tijd,3 maanden,Beschikbaar,Beschikbaar per 1-11-2022,Bovenwoning (appartement),Bestaande bouw,1967,,,80 m²,,,208 m³,4 kamers (3 slaapkamers),,,1 woonlaag,2e woonlaag,,,,,,In woonwijk,,,https://www.funda.nl/huur/utrecht/appartement-88231535-faustdreef-37/,,,"E
            2,35",,Nee,Nee,Nee,Nee,Nee,Nee,,,"€ 1.395 per maand (exclusief servicekosten à € 63,00 /mnd)",,,,,,,,,,,,1450,6300,80,4,3,,,,E,"2,35",False,False,
88,Twellosebeeklaan 149,3521 DR,€ 1.175 per maand (geen servicekosten),Geen,Onbepaalde tijd,10 oktober 2022,Beschikbaar,In overleg,Galerijflat,Nieuwbouw,2022,,,53 m²,,6 m²,137 m³,2 kamers (1 slaapkamer),,,5 woonlagen,1e woonlaag,,A,,,,,Parkeerplaats,,https://www.funda.nl/huur/utrecht/appartement-42989610-twellosebeeklaan-149/,,,,,Nee,Nee,Nee,Nee,Nee,Nee,,,,,,,,,,,,,,,1175,,53,2,1,,,,A,,False,False,
89,Twellosebeeklaan 325,3521 DR,€ 1.510 per maand (geen servicekosten),Geen,Onbepaalde tijd,10 oktober 2022,Beschikbaar,In overleg,Galerijflat,Nieuwbouw,2022,,,80 m²,,6 m²,209 m³,3 kamers (2 slaapkamers),,,5 woonlagen,5e woonlaag,,A,,,,,Parkeerplaats,,https://www.funda.nl/huur/utrecht/appartement-42989612-twellosebeeklaan-325/,,,,,Nee,Nee,Nee,Nee,Nee,Nee,,,,,,,,,,,,,,,1510,,80,3,2,,,,A,,False,False,
90,Euterpedreef 62,3561 CX,€ 1.300 per maand (geen servicekosten),€ 2.600 eenmalig,Onbepaalde tijd,20 oktober 2022,Beschikbaar,In overleg,Galerijflat (appartement),Bestaande bouw,1968,Plat dak bedekt met bitumineuze dakbedekking,,75 m²,,8 m²,233 m³,3 kamers (2 slaapkamers),1 badkamer en 1 apart toilet,Douche,1 woonlaag,5e woonlaag,"Lift, mechanische ventilatie en TV kabel",,"Dakisolatie, muurisolatie en vloerisolatie",Stadsverwarming,Elektrische boiler (huur) en stadsverwarming,In woonwijk en vrij uitzicht,,Openbaar parkeren,https://www.funda.nl/huur/utrecht/appartement-88354989-euterpedreef-62/,,3 m²,"E
            2,38",Inpandig,Ja,Ja,Ja,Ja,Ja,Ja,Balkon aanwezig,,,,,,,,,,,,,,1300,,75,3,2,1 badkamer , 1 apart toilet,2.0,E,"2,38",True,False,
91,Twellosebeeklaan 141,3521 DR,€ 1.525 per maand (geen servicekosten),Geen,Onbepaalde tijd,10 oktober 2022,Beschikbaar,In overleg,Galerijflat,Nieuwbouw,2022,,,81 m²,,6 m²,210 m³,3 kamers (2 slaapkamers),,,5 woonlagen,1e woonlaag,,A,,,,,Parkeerplaats,,https://www.funda.nl/huur/utrecht/appartement-42989628-twellosebeeklaan-141/,,,,,Nee,Nee,Nee,Nee,Nee,Nee,,,,,,,,,,,,,,,1525,,81,3,2,,,,A,,False,False,
92,Twellosebeeklaan 295,3521 DR,€ 1.070 per maand (geen servicekosten),Geen,Onbepaalde tijd,10 oktober 2022,Beschikbaar,In overleg,Galerijflat,Nieuwbouw,2022,,,50 m²,,4 m²,130 m³,2 kamers (1 slaapkamer),,,5 woonlagen,5e woonlaag,,A,,,,,Parkeerplaats,,https://www.funda.nl/huur/utrecht/appartement-42989626-twellosebeeklaan-295/,,,,,Nee,Nee,Nee,Nee,Nee,Nee,Balkon aanwezig,,,,,,,,,,,,,,1070,,50,2,1,,,,A,,True,False,
93,Springweg 452,3511 VZ,€ 1.195 per maand (geen servicekosten),€ 1.295 eenmalig,Onbepaalde tijd,2 maanden,Verhuurd onder voorbehoud,Beschikbaar per direct beschikbaar,Portiekflat (appartement),Bestaande bouw,1980,,,45 m²,,3 m²,130 m³,1 kamer,1 badkamer,Douche en toilet,1 woonlaag,2e woonlaag,"Buitenzonwering, mechanische ventilatie en TV kabel",C,,Stadsverwarming,Centrale voorziening,"Aan rustige weg, beschutte ligging en in centrum",,Betaald parkeren,https://www.funda.nl/huur/utrecht/appartement-42899247-springweg-452/,Gemeubileerd,,,,,,,,,,,,,,,,,,,,,,,,1195,,45,1,,1 badkamer,,,C,,False,False,
94,Pieterskerkhof 23 L,3512 JS,"€ 1.750 per maand (exclusief servicekosten à € 100,00 /mnd)",€ 3.500 eenmalig,Onbepaalde tijd,21 oktober 2022,Beschikbaar,Beschikbaar per 1-11-2022,Benedenwoning (appartement),Bestaande bouw,2022,Plat dak bedekt met bitumineuze dakbedekking,,63 m²,,,190 m³,2 kamers (1 slaapkamer),1 badkamer en 1 apart toilet,,1 woonlaag,Begane grond,"Mechanische ventilatie, TV kabel en zonnepanelen",,"Dakisolatie, dubbel glas, muurisolatie, vloerisolatie en volledig geïsoleerd",Stadsverwarming,Centrale voorziening en stadsverwarming,In centrum,,Betaald parkeren,https://www.funda.nl/huur/utrecht/appartement-88357733-pieterskerkhof-23-l/,Gestoffeerd en monument,5 m²,A+++,Box,,,,,,,,,,,,,,,,,,,,,1750,10000,63,2,1,1 badkamer , 1 apart toilet,2.0,A+++,,False,False,
95,CAB-rondom 149,3534 BJ,€ 927 per maand (servicekosten onbekend),Geen,Onbepaalde tijd,20 oktober 2022,Beschikbaar,In overleg,Galerijflat,Nieuwbouw,2023,Plat dak bedekt met bitumineuze dakbedekking,,74 m²,2 m²,11 m²,192 m³,3 kamers (2 slaapkamers),1 badkamer en 1 apart toilet,,1 woonlaag,5e woonlaag,"Lift, mechanische ventilatie en zonnepanelen",A,Volledig geïsoleerd,Stadsverwarming en gehele vloerverwarming,Stadsverwarming,In centrum en in woonwijk,,Openbaar parkeren,https://www.funda.nl/huur/utrecht/appartement-42992399-cab-rondom-149/,,,,,,,,,,,Balkon aanwezig,,,,,,,,,,,,,,927,,74,3,2,1 badkamer , 1 apart toilet,2.0,A,,True,False,
96,Camposdreef 16,3563 XM,€ 1.050 per maand (servicekosten onbekend),€ 1.145 eenmalig,Onbepaalde tijd,10 oktober 2022,Onder optie,Beschikbaar per 1-12-2022,Portiekflat (appartement),Bestaande bouw,2018,,,66 m²,,,190 m³,2 kamers (1 slaapkamer),1 badkamer en 1 apart toilet,,1 woonlaag,1e woonlaag,,,"Dakisolatie, driedubbel glas, eco-bouw, muurisolatie, vloerisolatie en volledig geïsoleerd",Gehele vloerverwarming en warmtepomp,,"Aan park, aan rustige weg, in woonwijk, open ligging en vrij uitzicht",,,https://www.funda.nl/huur/utrecht/appartement-42988118-camposdreef-16/,,6 m²,A++,,Nee,Nee,Nee,Nee,Nee,Nee,Balkon aanwezig,Zonneterras,,,,,,,,,,,,,1050,,66,2,1,1 badkamer , 1 apart toilet,2.0,A++,,True,True,
97,Carel Willinkstraat 43,3544 MA,€ 1.650 per maand (geen servicekosten),€ 3.300 eenmalig,Tijdelijke verhuur,10 oktober 2022,Beschikbaar,Beschikbaar per 15-11-2022,,Bestaande bouw,2005,,,80 m²,,16 m²,298 m³,3 kamers (2 slaapkamers),1 apart toilet,,3 woonlagen,,Elektra en verwarming,,Volledig geïsoleerd,Stadsverwarming,Stadsverwarming,In woonwijk,Parkeerplaats,Op eigen terrein en openbaar parkeren,https://www.funda.nl/huur/utrecht/huis-88343683-carel-willinkstraat-43/,,,A,Inpandig,,,,,,,,Zonneterras,,,"Eengezinswoning, tussenwoning",,Gelegen op het zuidwesten,,,,,,"16 m² (3,2 meter diep en 5 meter breed)",,1650,,80,3,2,1 apart toilet,,,A,,False,True,
98,Hickorylaan 76,3545 CT,"€ 1.329 per maand (exclusief servicekosten à € 65,00 /mnd)",Geen,Onbepaalde tijd,2 maanden,Onder optie,In overleg,Maisonnette (appartement),Nieuwbouw,2022,Plat dak bedekt met bitumineuze dakbedekking,,108 m²,5 m²,4 m²,281 m³,4 kamers (2 slaapkamers),1 apart toilet,,2 woonlagen,,Lift en mechanische ventilatie,A,Volledig geïsoleerd,Stadsverwarming en gehele vloerverwarming,Stadsverwarming,In woonwijk,Parkeerkelder en parkeerplaats,Openbaar parkeren en parkeergarage,https://www.funda.nl/huur/utrecht/appartement-42814468-hickorylaan-76/,,,,,,,,,,,,Zonneterras,,,,,,,,,,,,,1329,6500,108,4,2,1 apart toilet,,,A,,False,True,
99,Hickorylaan 154,3545 CT,"€ 1.085 per maand (exclusief servicekosten à € 65,00 /mnd)",Geen,Onbepaalde tijd,2 maanden,Onder optie,In overleg,Galerijflat (appartement),Nieuwbouw,2022,Plat dak bedekt met bitumineuze dakbedekking,,73 m²,5 m²,7 m²,189 m³,3 kamers (2 slaapkamers),,,1 woonlaag,3e woonlaag,Lift en mechanische ventilatie,A,Volledig geïsoleerd,Stadsverwarming en gehele vloerverwarming,Stadsverwarming,In woonwijk,Parkeerkelder en parkeerplaats,Openbaar parkeren en parkeergarage,https://www.funda.nl/huur/utrecht/appartement-42814459-hickorylaan-154/,,,,,,,,,,,,,,,,,,,,,,,,,1085,6500,73,3,2,,,,A,,False,False,
100,Van Weerden Poelmanlaan 2,3527 KN,€ 1.350 per maand (servicekosten onbekend),€ 1.405 eenmalig,Onbepaalde tijd,3 weken,Beschikbaar,In overleg,Bovenwoning,Bestaande bouw,1968,,,92 m²,5 m²,5 m²,257 m³,3 kamers (2 slaapkamers),,,1 woonlaag,,Lift,,,Blokverwarming,Elektrische boiler (huur),,Parkeerplaats,Betaald parkeren,https://www.funda.nl/huur/utrecht/appartement-88331638-van-weerden-poelmanlaan-2/,Gestoffeerd,5 m²,G,,,,,,,,,,,,,,,,,,,,,,1350,,92,3,2,,,,G,,False,False,
101,Burgemeester Reigerstraat 2 B,3581 KR,€ 1.425 per maand (geen servicekosten),€ 1.425 eenmalig,Onbepaalde tijd,21 oktober 2022,Verhuurd onder voorbehoud,Beschikbaar per 1-11-2022,Portiekflat (appartement),Bestaande bouw,2003,Plat dak bedekt met bitumineuze dakbedekking,,56 m²,,5 m²,190 m³,2 kamers (1 slaapkamer),1 badkamer en 1 apart toilet,Douche en toilet,1 woonlaag,2e woonlaag,TV kabel,G,Dubbel glas,Cv-ketel,Cv-ketel,In centrum,,Betaald parkeren en parkeervergunningen,https://www.funda.nl/huur/utrecht/appartement-42987983-burgemeester-reigerstraat-2-b/,Gestoffeerd,8 m²,,,,,,,,,,,,Eigendom,,,,,,,,,,,1425,,56,2,1,1 badkamer , 1 apart toilet,2.0,G,,False,False,
102,Hickorylaan 120,3545 CT,"€ 1.274 per maand (exclusief servicekosten à € 65,00 /mnd)",Geen,Onbepaalde tijd,2 maanden,Onder optie,In overleg,Galerijflat (appartement),Nieuwbouw,2022,Plat dak bedekt met bitumineuze dakbedekking,,98 m²,3 m²,11 m²,254 m³,3 kamers (2 slaapkamers),1 badkamer en 1 apart toilet,Ligbad,1 woonlaag,2e woonlaag,Lift en mechanische ventilatie,A,Volledig geïsoleerd,Stadsverwarming en gehele vloerverwarming,Stadsverwarming,In woonwijk,Parkeerkelder en parkeerplaats,Openbaar parkeren en parkeergarage,https://www.funda.nl/huur/utrecht/appartement-42813354-hickorylaan-120/,,,,,,,,,,,Balkon aanwezig,,,,,,,,,,,,,,1274,6500,98,3,2,1 badkamer , 1 apart toilet,2.0,A,,True,False,
103,Hickorylaan 418,3545 CT,"€ 1.105 per maand (exclusief servicekosten à € 65,00 /mnd)",Geen,Onbepaalde tijd,2 maanden,Onder optie,In overleg,Galerijflat (appartement),Nieuwbouw,2022,Plat dak bedekt met bitumineuze dakbedekking,,73 m²,5 m²,7 m²,189 m³,3 kamers (2 slaapkamers),,,1 woonlaag,4e woonlaag,Lift en mechanische ventilatie,A,Volledig geïsoleerd,Stadsverwarming en gehele vloerverwarming,Stadsverwarming,In woonwijk,Parkeerkelder en parkeerplaats,Openbaar parkeren en parkeergarage,https://www.funda.nl/huur/utrecht/appartement-42814458-hickorylaan-418/,,,,,,,,,,,,,,,,,,,,,,,,,1105,6500,73,3,2,,,,A,,False,False,
104,Pablo Picassostraat,3544 NX,€ 1.295 per maand (servicekosten onbekend),Geen,Onbepaalde tijd,3 weken,Beschikbaar,In overleg,Portiekflat,Nieuwbouw,2022,,,88 m²,,,228 m³,3 kamers (2 slaapkamers),,,6 woonlagen,6e woonlaag,,,,,,,Parkeerplaats,,https://www.funda.nl/huur/utrecht/appartement-42964767-pablo-picassostraat/,,,Niet beschikbaar,,Nee,Nee,Nee,Nee,Nee,Nee,,,,,,,,,,,,,,,1295,,88,3,2,,,,Niet beschikbaar,,False,False,
105,Hickorylaan 268,3545 CT,"€ 1.322 per maand (exclusief servicekosten à € 65,00 /mnd)",Geen,Onbepaalde tijd,2 maanden,Onder optie,In overleg,Galerijflat (appartement),Nieuwbouw,2022,Plat dak bedekt met bitumineuze dakbedekking,,104 m²,8 m²,35 m²,270 m³,3 kamers (2 slaapkamers),1 badkamer en 1 apart toilet,Ligbad en douche,1 woonlaag,1e woonlaag,Lift en mechanische ventilatie,A,Volledig geïsoleerd,Stadsverwarming en gehele vloerverwarming,Stadsverwarming,In woonwijk,Parkeerkelder en parkeerplaats,Openbaar parkeren en parkeergarage,https://www.funda.nl/huur/utrecht/appartement-42813344-hickorylaan-268/,,,,,,,,,,,,Zonneterras,,,,,,,,,,,,,1322,6500,104,3,2,1 badkamer , 1 apart toilet,2.0,A,,False,True,
106,CAB-rondom 151,3534 BJ,€ 927 per maand (servicekosten onbekend),Geen,Onbepaalde tijd,20 oktober 2022,Beschikbaar,In overleg,Galerijflat (appartement),Nieuwbouw,2022,Plat dak bedekt met bitumineuze dakbedekking,,74 m²,,11 m²,192 m³,2 kamers (1 slaapkamer),1 badkamer en 1 apart toilet,,1 woonlaag,,"Lift, mechanische ventilatie en zonnepanelen",A,Volledig geïsoleerd,Stadsverwarming en gehele vloerverwarming,Stadsverwarming,In centrum en in woonwijk,,Openbaar parkeren,https://www.funda.nl/huur/utrecht/appartement-42991036-cab-rondom-151/,,,,,,,,,,,Balkon aanwezig,,,,,,,,,,,,,,927,,74,2,1,1 badkamer , 1 apart toilet,2.0,A,,True,False,
107,Hickorylaan 300,3545 CT,"€ 1.111 per maand (exclusief servicekosten à € 65,00 /mnd)",Geen,Onbepaalde tijd,2 maanden,Onder optie,In overleg,Galerijflat (appartement),Nieuwbouw,2022,Plat dak bedekt met bitumineuze dakbedekking,,78 m²,2 m²,7 m²,202 m³,3 kamers (2 slaapkamers),1 badkamer en 1 apart toilet,Ligbad en douche,1 woonlaag,2e woonlaag,Lift en mechanische ventilatie,A,Volledig geïsoleerd,Stadsverwarming en gehele vloerverwarming,Stadsverwarming,In woonwijk,Parkeerkelder en parkeerplaats,Openbaar parkeren en parkeergarage,https://www.funda.nl/huur/utrecht/appartement-42813339-hickorylaan-300/,,,,,,,,,,,Balkon aanwezig,,,,,,,,,,,,,,1111,6500,78,3,2,1 badkamer , 1 apart toilet,2.0,A,,True,False,
108,Prinses Beatrixplein 20,3523 VD,"€ 1.500 per maand (exclusief servicekosten à € 50,00 /mnd)",€ 1.500 eenmalig,Tijdelijke verhuur,2 weken,Onder optie,Beschikbaar per 1-11-2022,Portiekflat (appartement),Bestaande bouw,2001,,,70 m²,,,210 m³,3 kamers (2 slaapkamers),1 badkamer en 1 apart toilet,Ligbad en douche,1 woonlaag,1e woonlaag,Elektra,,Dubbel glas,Cv-ketel,Cv-ketel,Aan rustige weg en in woonwijk,Parkeerkelder,Openbaar parkeren,https://www.funda.nl/huur/utrecht/appartement-42987585-prinses-beatrixplein-20/,Gemeubileerd en gestoffeerd,5 m²,B,Box,,,,,,,,Achtertuin,,"Gas gestookt combiketel uit 2002, eigendom",,"25 m² (4,1 meter diep en 6,15 meter breed)",Gelegen op het zuidoosten bereikbaar via achterom,,,,,,,,1500,5000,70,3,2,1 badkamer , 1 apart toilet,2.0,B,,False,True,25
109,Twellosebeeklaan 183,3521 DR,€ 950 per maand (geen servicekosten),Geen,Onbepaalde tijd,10 oktober 2022,Beschikbaar,In overleg,Galerijflat,Nieuwbouw,2022,,,49 m²,,4 m²,128 m³,2 kamers (1 slaapkamer),,,5 woonlagen,2e woonlaag,,A,,,,,Parkeerkelder,,https://www.funda.nl/huur/utrecht/appartement-42989619-twellosebeeklaan-183/,,,,,Nee,Nee,Nee,Nee,Nee,Nee,Balkon aanwezig,,,,,,,,,,,,,,950,,49,2,1,,,,A,,True,False,
110,Hickorylaan 262,3545 CT,"€ 1.111 per maand (exclusief servicekosten à € 65,00 /mnd)",Geen,Onbepaalde tijd,2 maanden,Onder optie,In overleg,Galerijflat (appartement),Nieuwbouw,2022,Plat dak bedekt met bitumineuze dakbedekking,,78 m²,2 m²,7 m²,202 m³,3 kamers (2 slaapkamers),1 badkamer en 1 apart toilet,Ligbad en douche,1 woonlaag,1e woonlaag,Lift en mechanische ventilatie,A,Volledig geïsoleerd,Stadsverwarming en gehele vloerverwarming,Stadsverwarming,In woonwijk,Parkeerkelder en parkeerplaats,Openbaar parkeren en parkeergarage,https://www.funda.nl/huur/utrecht/appartement-42814463-hickorylaan-262/,,,,,,,,,,,Balkon aanwezig,,,,,,,,,,,,,,1111,6500,78,3,2,1 badkamer , 1 apart toilet,2.0,A,,True,False,
111,Tannhäuserdreef 178,3561 HL,"€ 1.450 per maand (exclusief servicekosten à € 63,00 /mnd)",€ 1.513 eenmalig,Onbepaalde tijd,3 maanden,Beschikbaar,Beschikbaar per 1-11-2022,Bovenwoning (appartement),Bestaande bouw,1965,,,80 m²,,,208 m³,4 kamers (3 slaapkamers),,,1 woonlaag,6e woonlaag,,,,,,In woonwijk,,,https://www.funda.nl/huur/utrecht/appartement-88228346-tannhauserdreef-178/,,,"D
            1,72",,Nee,Nee,Nee,Nee,Nee,Nee,,,"€ 1.395 per maand (exclusief servicekosten à € 63,00 /mnd)",,,,,,,,,,,,1450,6300,80,4,3,,,,D,"1,72",False,False,
112,Nijenoord 315,3552 AS,"€ 1.411 per maand (exclusief servicekosten à € 55,00 /mnd)",Geen,Onbepaalde tijd,2 maanden,Onder optie,Per direct beschikbaar,Bovenwoning,Bestaande bouw,1957,,,97 m²,,,252 m³,4 kamers (3 slaapkamers),,,1 woonlaag,,,,,,,Zeezicht,,,https://www.funda.nl/huur/utrecht/appartement-42817532-nijenoord-315/,,,Niet beschikbaar,,Nee,Nee,Nee,Nee,Nee,Nee,,,,,,,,,,,,,,,1411,5500,97,4,3,,,,Niet beschikbaar,,False,False,
113,Twellosebeeklaan 123,3521 DR,€ 1.040 per maand (geen servicekosten),Geen,Onbepaalde tijd,10 oktober 2022,Beschikbaar,In overleg,Galerijflat,Nieuwbouw,2022,,,50 m²,,9 m²,130 m³,2 kamers (1 slaapkamer),,,5 woonlagen,1e woonlaag,,A,,,,,Parkeerplaats,,https://www.funda.nl/huur/utrecht/appartement-42989635-twellosebeeklaan-123/,,,,,Nee,Nee,Nee,Nee,Nee,Nee,Balkon aanwezig,,,,,,,,,,,,,,1040,,50,2,1,,,,A,,True,False,
114,Twellosebeeklaan 143,3521 DR,€ 1.500 per maand (geen servicekosten),Geen,Onbepaalde tijd,10 oktober 2022,Beschikbaar,In overleg,Galerijflat,Nieuwbouw,2022,,,81 m²,,6 m²,210 m³,3 kamers (2 slaapkamers),,,5 woonlagen,1e woonlaag,,A,,,,,Parkeerplaats,,https://www.funda.nl/huur/utrecht/appartement-42989616-twellosebeeklaan-143/,,,,,Nee,Nee,Nee,Nee,Nee,Nee,,,,,,,,,,,,,,,1500,,81,3,2,,,,A,,False,False,
115,Oudegracht 210 A,3511 NS,€ 1.595 per maand (geen servicekosten),€ 2.000 eenmalig,Tijdelijke verhuur,4 weken,Verhuurd onder voorbehoud,Beschikbaar per 1-11-2022,Bovenwoning (appartement),Bestaande bouw,1900,,,41 m²,,,100 m³,2 kamers (1 slaapkamer),1 badkamer,Toilet,1 woonlaag,1e woonlaag,,,,,,In centrum,,Betaald parkeren,https://www.funda.nl/huur/utrecht/appartement-88317865-oudegracht-210-a/,,,Niet beschikbaar,,Nee,Nee,Nee,Nee,Nee,Nee,,,,,,,,,,,,,,,1595,,41,2,1,1 badkamer,,,Niet beschikbaar,,False,False,
116,Tannhäuserdreef 176,3561 HL,"€ 1.450 per maand (exclusief servicekosten à € 63,00 /mnd)",€ 1.513 eenmalig,Onbepaalde tijd,7 weken,Beschikbaar,Beschikbaar per direct beschikbaar,Bovenwoning (appartement),Bestaande bouw,1965,,,80 m²,,,208 m³,4 kamers (3 slaapkamers),,,1 woonlaag,6e woonlaag,,,,,,In woonwijk,,,https://www.funda.nl/huur/utrecht/appartement-88291925-tannhauserdreef-176/,,,"C
            1,58",,Nee,Nee,Nee,Nee,Nee,Nee,,,"€ 1.350 per maand (exclusief servicekosten à € 63,00 /mnd)",,,,,,,,,,,,1450,6300,80,4,3,,,,C,"1,58",False,False,
117,Kromme Nieuwegracht 11 C,3512 HC,€ 1.695 per maand (geen servicekosten),€ 3.390 eenmalig,,13 oktober 2022,,,Penthouse (appartement),Bestaande bouw,1900,,,,,,250 m³,3 kamers (2 slaapkamers),,,,,,G,,,,,,,https://www.funda.nl/huur/utrecht/appartement-88347097-kromme-nieuwegracht-11-c/,,,,,,,,,,,,,,,,,,100 m² wonen,,,,,,,1695,,100,3,2,,,,G,,False,False,
118,CAB-rondom 147,3534 BJ,€ 927 per maand (servicekosten onbekend),Geen,Onbepaalde tijd,20 oktober 2022,Beschikbaar,In overleg,Galerijflat,Nieuwbouw,2023,Plat dak bedekt met bitumineuze dakbedekking,,74 m²,2 m²,11 m²,192 m³,3 kamers (2 slaapkamers),1 badkamer en 1 apart toilet,,1 woonlaag,5e woonlaag,"Lift, mechanische ventilatie en zonnepanelen",A,Volledig geïsoleerd,Stadsverwarming en gehele vloerverwarming,Stadsverwarming,In centrum en in woonwijk,,Openbaar parkeren,https://www.funda.nl/huur/utrecht/appartement-42992204-cab-rondom-147/,,,,,,,,,,,Balkon aanwezig,,,,,,,,,,,,,,927,,74,3,2,1 badkamer , 1 apart toilet,2.0,A,,True,False,
119,Oudenoord 256,3513 EV,"€ 1.146 per maand (exclusief servicekosten à € 30,00 /mnd)",Geen,Onbepaalde tijd,4 weken,Beschikbaar,Per direct beschikbaar,Galerijflat,Bestaande bouw,2017,,,54 m²,,,151 m³,2 kamers (1 slaapkamer),,,5 woonlagen,5e woonlaag,,,,,,,Parkeerplaats,,https://www.funda.nl/huur/utrecht/appartement-42804258-oudenoord-256/,,,"A
            0,87",,Nee,Nee,Nee,Nee,Nee,Nee,,,,,,,,,,,,,,,1146,3000,54,2,1,,,,A,"0,87",False,False,
120,Hickorylaan 180,3545 CT,"€ 1.204 per maand (exclusief servicekosten à € 65,00 /mnd)",Geen,Onbepaalde tijd,2 maanden,Onder optie,In overleg,Galerijflat (appartement),Nieuwbouw,2022,Plat dak bedekt met bitumineuze dakbedekking,,83 m²,8 m²,8 m²,215 m³,3 kamers (2 slaapkamers),1 badkamer en 1 apart toilet,Ligbad,1 woonlaag,4e woonlaag,Lift en mechanische ventilatie,A,Volledig geïsoleerd,Stadsverwarming en gehele vloerverwarming,Stadsverwarming,In woonwijk,Parkeerkelder en parkeerplaats,Openbaar parkeren en parkeergarage,https://www.funda.nl/huur/utrecht/appartement-42814466-hickorylaan-180/,,,,,,,,,,,Balkon aanwezig,,,,,,,,,,,,,,1204,6500,83,3,2,1 badkamer , 1 apart toilet,2.0,A,,True,False,
121,Moreelsehoek 396,3511 EZ,"€ 1.073 per maand (exclusief servicekosten à € 80,00 /mnd)",Geen,Onbepaalde tijd,2 weken,Beschikbaar,Per direct beschikbaar,Bovenwoning (open portiek),Bestaande bouw,2020,,,50 m²,,,130 m³,1 kamer (1 slaapkamer),,,1 woonlaag,,,,,,,,,,https://www.funda.nl/huur/utrecht/appartement-42985440-moreelsehoek-396/,,,Niet beschikbaar,,,,,,,,,,,,,,,,,,,,,,1073,8000,50,1,1,,,,Niet beschikbaar,,False,False,
122,Marshalllaan 352 A,3527 TW,"€ 1.325 per maand (exclusief servicekosten à € 45,00 /mnd)",€ 1.370 eenmalig,Onbepaalde tijd,7 weken,Beschikbaar,Beschikbaar per direct beschikbaar,Bovenwoning (appartement),Bestaande bouw,1960,,,78 m²,,,203 m³,4 kamers (3 slaapkamers),,,1 woonlaag,,,,,,,In woonwijk,,,https://www.funda.nl/huur/utrecht/appartement-88291897-marshalllaan-352-a/,,,Niet beschikbaar,,Nee,Nee,Nee,Nee,Nee,Nee,,,,,,,,,,,,,,,1325,4500,78,4,3,,,,Niet beschikbaar,,False,False,
123,Wulpstraat 55 *,3582 AW,€ 1.225 per maand (geen servicekosten),€ 3.062 eenmalig,,17 oktober 2022,,,Portiekflat (appartement),Bestaande bouw,2016,,,,,,90 m³,2 kamers (1 slaapkamer),,,,,,,,,,,,,https://www.funda.nl/huur/utrecht/appartement-88351938-wulpstraat-55/,,,A,,,,,,,,,,,,,,,30 m² wonen,,,,,,,1225,,30,2,1,,,,A,,False,False,
124,CAB-rondom 11,3534 BJ,€ 934 per maand (servicekosten onbekend),Geen,Onbepaalde tijd,20 oktober 2022,Beschikbaar,In overleg,Maisonnette (appartement),Nieuwbouw,2022,Plat dak bedekt met bitumineuze dakbedekking,,75 m²,,,195 m³,2 kamers,1 badkamer en 1 apart toilet,,2 woonlagen,,"Lift, mechanische ventilatie en zonnepanelen",A,Volledig geïsoleerd,Stadsverwarming en gehele vloerverwarming,Stadsverwarming,In centrum en in woonwijk,,Openbaar parkeren,https://www.funda.nl/huur/utrecht/appartement-42991063-cab-rondom-11/,,,,,,,,,,,,Zonneterras,,,,,,,,,,,,,934,,75,2,,1 badkamer , 1 apart toilet,2.0,A,,False,True,
125,Monnetlaan 81,3527 GN,"€ 1.450 per maand (exclusief servicekosten à € 45,00 /mnd)",€ 1.495 eenmalig,Onbepaalde tijd,3 weken,Beschikbaar,Beschikbaar per 1-11-2022,Bovenwoning (appartement),Bestaande bouw,1960,,,76 m²,,,198 m³,3 kamers (2 slaapkamers),,,1 woonlaag,1e woonlaag,,,,,,In woonwijk,,,https://www.funda.nl/huur/utrecht/appartement-88327842-monnetlaan-81/,,,"E
            2,03",,Nee,Nee,Nee,Nee,Nee,Nee,,,,,,,,,,,,,,,1450,4500,76,3,2,,,,E,"2,03",False,False,
126,Van Eysingalaan 187,3527 VE,€ 1.350 per maand (geen servicekosten),€ 1.350 eenmalig,Tijdelijke verhuur,20 oktober 2022,Verhuurd onder voorbehoud,Beschikbaar per 1-11-2022,Portiekflat (appartement),Bestaande bouw,1962,Plat dak bedekt met bitumineuze dakbedekking,,70 m²,,4 m²,210 m³,3 kamers (2 slaapkamers),1 badkamer en 1 apart toilet,Douche,1 woonlaag,2e woonlaag,Elektra,,Dubbel glas,Cv-ketel,Cv-ketel,Aan rustige weg en in woonwijk,,Openbaar parkeren,https://www.funda.nl/huur/utrecht/appartement-42985046-van-eysingalaan-187/,,8 m²,"E
            2,11",Inpandig,,,,,,,Balkon aanwezig,,,Eigendom,,,,,,,,,,,1350,,70,3,2,1 badkamer , 1 apart toilet,2.0,E,"2,11",True,False,
127,Faustdreef 437,3561 LP,"€ 1.450 per maand (exclusief servicekosten à € 63,00 /mnd)",€ 1.513 eenmalig,Onbepaalde tijd,2 maanden,Beschikbaar,Beschikbaar per 1-1-2023,Bovenwoning (appartement),Bestaande bouw,1967,,,80 m²,,,208 m³,4 kamers (3 slaapkamers),,,1 woonlaag,8e woonlaag,,,,,,In woonwijk,,,https://www.funda.nl/huur/utrecht/appartement-88276665-faustdreef-437/,,,"F
            2,41",,Nee,Nee,Nee,Nee,Nee,Nee,,,"€ 1.395 per maand (exclusief servicekosten à € 63,00 /mnd)",,,,,,,,,,,,1450,6300,80,4,3,,,,F,"2,41",False,False,
128,Marshalllaan 394,3527 TW,"€ 925 per maand (exclusief servicekosten à € 45,00 /mnd)",€ 970 eenmalig,Onbepaalde tijd,2 maanden,Verhuurd onder voorbehoud,Per direct beschikbaar,Bovenwoning (appartement),Bestaande bouw,1960,,,41 m²,,,107 m³,2 kamers (1 slaapkamer),,,1 woonlaag,4e woonlaag,,,,,,In woonwijk,,,https://www.funda.nl/huur/utrecht/appartement-88262933-marshalllaan-394/,,,"D
            1,69",,Nee,Nee,Nee,Nee,Nee,Nee,,,"€ 725 per maand (exclusief servicekosten à € 45,00 /mnd)",,,,,,,,,,,,925,4500,41,2,1,,,,D,"1,69",False,False,
129,Hickorylaan 302,3545 CT,"€ 1.169 per maand (exclusief servicekosten à € 65,00 /mnd)",Geen,Onbepaalde tijd,2 maanden,Onder optie,In overleg,Galerijflat (appartement),Nieuwbouw,2022,Plat dak bedekt met bitumineuze dakbedekking,,82 m²,3 m²,6 m²,213 m³,3 kamers (2 slaapkamers),1 badkamer en 1 apart toilet,Ligbad,1 woonlaag,2e woonlaag,Lift en mechanische ventilatie,A,Volledig geïsoleerd,Stadsverwarming,Stadsverwarming,In woonwijk,Parkeerkelder en parkeerplaats,Openbaar parkeren en parkeergarage,https://www.funda.nl/huur/utrecht/appartement-42814578-hickorylaan-302/,,,,,,,,,,,Balkon aanwezig,,,,,,,,,,,,,,1169,6500,82,3,2,1 badkamer , 1 apart toilet,2.0,A,,True,False,
130,Hickorylaan 124,3545 CT,"€ 1.050 per maand (exclusief servicekosten à € 65,00 /mnd)",Geen,Onbepaalde tijd,2 maanden,Onder optie,In overleg,Galerijflat (appartement),Nieuwbouw,2022,Plat dak bedekt met bitumineuze dakbedekking,,73 m²,5 m²,7 m²,189 m³,3 kamers (2 slaapkamers),,,1 woonlaag,2e woonlaag,Lift en mechanische ventilatie,A,Volledig geïsoleerd,Stadsverwarming en gehele vloerverwarming,Stadsverwarming,In woonwijk,Parkeerkelder en parkeerplaats,Openbaar parkeren en parkeergarage,https://www.funda.nl/huur/utrecht/appartement-42814457-hickorylaan-124/,,,,,,,,,,,,,,,,,,,,,,,,,1050,6500,73,3,2,,,,A,,False,False,
131,Auriollaan 32,3527 EV,"€ 1.395 per maand (exclusief servicekosten à € 45,00 /mnd)",€ 1.440 eenmalig,Onbepaalde tijd,5 maanden,Verhuurd onder voorbehoud,Per direct beschikbaar,Bovenwoning (appartement),Bestaande bouw,1960,,,76 m²,,,198 m³,3 kamers (2 slaapkamers),,,1 woonlaag,4e woonlaag,,,,,,In woonwijk,,,https://www.funda.nl/huur/utrecht/appartement-88169471-auriollaan-32/,,,"G
            4,07",,Nee,Nee,Nee,Nee,Nee,Nee,,,,,,,,,,,,,,,1395,4500,76,3,2,,,,G,"4,07",False,False,
132,Marshalllaan 387,3527 TK,"€ 1.450 per maand (exclusief servicekosten à € 45,00 /mnd)",€ 1.495 eenmalig,Onbepaalde tijd,8 weken,Beschikbaar,Beschikbaar per 1-1-2023,Bovenwoning (appartement),Bestaande bouw,1960,,,78 m²,,,203 m³,3 kamers (2 slaapkamers),,,1 woonlaag,3e woonlaag,,,,,,In woonwijk,,,https://www.funda.nl/huur/utrecht/appartement-88289616-marshalllaan-387/,,,"E
            2,19",,Nee,Nee,Nee,Nee,Nee,Nee,,,"€ 1.395 per maand (exclusief servicekosten à € 45,00 /mnd)",,,,,,,,,,,,1450,4500,78,3,2,,,,E,"2,19",False,False,
133,Oscar Hammersteinstraat 24,3543 CV,€ 1.245 per maand (servicekosten onbekend),Geen,Onbepaalde tijd,3 weken,Onder optie,Beschikbaar per 1-11-2022,Galerijflat,Bestaande bouw,2006,,,90 m²,,,216 m³,2 kamers (1 slaapkamer),1 badkamer en 1 apart toilet,Douche,3 woonlagen,3e woonlaag,,,,,,,Parkeerplaats,,https://www.funda.nl/huur/utrecht/appartement-42979851-oscar-hammersteinstraat-24/,,2 m²,A,,Nee,Nee,Nee,Nee,Nee,Nee,Balkon aanwezig,,,,,,,,,,,,,,1245,,90,2,1,1 badkamer , 1 apart toilet,2.0,A,,True,False,
134,Piet Heinstraat 9,3582 BX,€ 1.675 per maand (geen servicekosten),€ 1.675 eenmalig,Tijdelijke verhuur,3 weken,Beschikbaar,In overleg,,Bestaande bouw,1906,Zadeldak bedekt met pannen,,70 m²,,50 m²,271 m³,2 kamers (1 slaapkamer),,,2 woonlagen,,TV kabel,,Dubbel glas,Cv-ketel,Cv-ketel,"Aan rustige weg, in woonwijk en vrij uitzicht",,"Betaald parkeren, openbaar parkeren en parkeervergunningen",https://www.funda.nl/huur/utrecht/huis-88339734-piet-heinstraat-9/,Gedeeltelijk gestoffeerd en monument,,C,,,,,,,,,Achtertuin,,"Gas gestookt combiketel uit 2020, eigendom","Eengezinswoning, tussenwoning",50 m² (10 meter diep en 5 meter breed),Gelegen op het oosten bereikbaar via achterom,,,,,,,93 m²,1675,,70,2,1,,,,C,,False,True,50
135,Twellosebeeklaan 117,3521 DR,€ 965 per maand (geen servicekosten),Geen,Onbepaalde tijd,10 oktober 2022,Beschikbaar,In overleg,Galerijflat,Nieuwbouw,2022,,,50 m²,,9 m²,130 m³,2 kamers (1 slaapkamer),,,5 woonlagen,1e woonlaag,,A,,,,,,,https://www.funda.nl/huur/utrecht/appartement-42989615-twellosebeeklaan-117/,,,,,Nee,Nee,Nee,Nee,Nee,Nee,,,,,,,,,,,,,,,965,,50,2,1,,,,A,,False,False,
136,Hickorylaan 148,3545 CT,"€ 1.229 per maand (exclusief servicekosten à € 65,00 /mnd)",Geen,Onbepaalde tijd,2 maanden,Onder optie,In overleg,Galerijflat (appartement),Nieuwbouw,2022,Plat dak bedekt met bitumineuze dakbedekking,,98 m²,4 m²,17 m²,254 m³,3 kamers (2 slaapkamers),1 badkamer en 1 apart toilet,Ligbad,1 woonlaag,3e woonlaag,Lift en mechanische ventilatie,A,Volledig geïsoleerd,Stadsverwarming en gehele vloerverwarming,Stadsverwarming,In woonwijk,Parkeerkelder en parkeerplaats,Openbaar parkeren en parkeergarage,https://www.funda.nl/huur/utrecht/appartement-42813320-hickorylaan-148/,,,,,,,,,,,Balkon aanwezig,,,,,,,,,,,,,,1229,6500,98,3,2,1 badkamer , 1 apart toilet,2.0,A,,True,False,
137,Eykmanlaan 415,3571 JR,"€ 1.200 per maand (exclusief servicekosten à € 140,00 /mnd)",Geen,Onbepaalde tijd,4 maanden,Onder optie,Per direct beschikbaar,Bovenwoning,Bestaande bouw,1960,,,94 m²,,,244 m³,4 kamers (3 slaapkamers),,,1 woonlaag,,,,,,,,,,https://www.funda.nl/huur/utrecht/appartement-42737602-eykmanlaan-415/,,,"G
            3,55",,Nee,Nee,Nee,Nee,Nee,Nee,,,,,,,,,,,,,,,1200,14000,94,4,3,,,,G,"3,55",False,False,
138,Hickorylaan 140,3545 CT,"€ 1.184 per maand (exclusief servicekosten à € 65,00 /mnd)",Geen,Onbepaalde tijd,2 maanden,Onder optie,In overleg,Galerijflat (appartement),Nieuwbouw,2022,Plat dak bedekt met bitumineuze dakbedekking,,83 m²,8 m²,8 m²,215 m³,3 kamers (2 slaapkamers),1 badkamer en 1 apart toilet,Ligbad,1 woonlaag,3e woonlaag,Lift en mechanische ventilatie,A,Volledig geïsoleerd,Stadsverwarming en gehele vloerverwarming,Stadsverwarming,In woonwijk,Parkeerkelder en parkeerplaats,Openbaar parkeren en parkeergarage,https://www.funda.nl/huur/utrecht/appartement-42813351-hickorylaan-140/,,,,,,,,,,,Balkon aanwezig,,,,,,,,,,,,,,1184,6500,83,3,2,1 badkamer , 1 apart toilet,2.0,A,,True,False,
139,Abstederdijk 133,3582 BE,€ 1.600 per maand (geen servicekosten),€ 1.600 eenmalig,Onbepaalde tijd,2 weken,Onder optie,In overleg,,Bestaande bouw,Voor 1906,Zadeldak,,87 m²,,,260 m³,4 kamers (2 slaapkamers),2 badkamers,Douche en 2 toiletten,2 woonlagen en een zolder,,,F,Dakisolatie en dubbel glas,Cv-ketel,Cv-ketel,Aan rustige weg en in woonwijk,,Openbaar parkeren,https://www.funda.nl/huur/utrecht/huis-42973121-abstederdijk-133/,,5 m²,,Aangebouwde houten berging,,,,,,,,Achtertuin,,"Combiketel, eigendom","Eengezinswoning, hoekwoning",45 m² (9 meter diep en 5 meter breed),,,,,,,,89 m²,1600,,87,4,2,2 badkamers,,,F,,False,True,45
140,CAB-rondom 143,3534 BJ,€ 927 per maand (servicekosten onbekend),Geen,Onbepaalde tijd,20 oktober 2022,Beschikbaar,In overleg,Galerijflat (appartement),Nieuwbouw,2022,Plat dak bedekt met bitumineuze dakbedekking,,74 m²,,11 m²,192 m³,2 kamers (1 slaapkamer),1 badkamer en 1 apart toilet,,1 woonlaag,,"Lift, mechanische ventilatie en zonnepanelen",A,Volledig geïsoleerd,Stadsverwarming en gehele vloerverwarming,Stadsverwarming,In centrum en in woonwijk,,Openbaar parkeren,https://www.funda.nl/huur/utrecht/appartement-42991033-cab-rondom-143/,,,,,,,,,,,Balkon aanwezig,,,,,,,,,,,,,,927,,74,2,1,1 badkamer , 1 apart toilet,2.0,A,,True,False,
141,Pal Maleterstraat 11,3573 PE,€ 1.645 per maand (servicekosten onbekend),Geen,Onbepaalde tijd,6 weken,Beschikbaar,In overleg,Galerijflat,Bestaande bouw,1991,,,112 m²,4 m²,3 m²,272 m³,4 kamers (3 slaapkamers),,,2 woonlagen,,Lift,,,,,,,Parkeervergunningen,https://www.funda.nl/huur/utrecht/appartement-88200970-pal-maleterstraat-11/,Gedeeltelijk gestoffeerd,,B,,,,,,,,,,,,,,,,,,,,,,1645,,112,4,3,,,,B,,False,False,
142,Faustdreef 105,3561 LC,"€ 1.450 per maand (exclusief servicekosten à € 63,00 /mnd)",€ 1.513 eenmalig,Onbepaalde tijd,3 maanden,Beschikbaar,Beschikbaar per 30-11-2022,Bovenwoning (appartement),Bestaande bouw,1967,,,80 m²,,,208 m³,4 kamers (3 slaapkamers),,,1 woonlaag,6e woonlaag,,,,,,In woonwijk,,,https://www.funda.nl/huur/utrecht/appartement-88251276-faustdreef-105/,,,"E
            2,35",,Nee,Nee,Nee,Nee,Nee,Nee,,,"€ 1.395 per maand (exclusief servicekosten à € 63,00 /mnd)",,,,,,,,,,,,1450,6300,80,4,3,,,,E,"2,35",False,False,
143,Twellosebeeklaan 291,3521 DR,€ 1.070 per maand (geen servicekosten),Geen,Onbepaalde tijd,10 oktober 2022,Beschikbaar,In overleg,Galerijflat,Nieuwbouw,2022,,,49 m²,,4 m²,128 m³,2 kamers (1 slaapkamer),,,5 woonlagen,5e woonlaag,,A,,,,,Parkeerplaats,,https://www.funda.nl/huur/utrecht/appartement-42989625-twellosebeeklaan-291/,,,,,Nee,Nee,Nee,Nee,Nee,Nee,Balkon aanwezig,,,,,,,,,,,,,,1070,,49,2,1,,,,A,,True,False,
144,Soestdijkstraat 8,3523 VM,€ 1.750 per maand (geen servicekosten),€ 2.157 eenmalig,Tijdelijke verhuur,2 weken,Verhuurd onder voorbehoud,Beschikbaar per 1-11-2022,,Bestaande bouw,1930,Zadeldak bedekt met pannen,,118 m²,,,412 m³,5 kamers (4 slaapkamers),1 badkamer en 1 apart toilet,Ligbad en toilet,2 woonlagen en een vliering,,Elektra,F,Dubbel glas,Cv-ketel,Cv-ketel,Aan rustige weg en in woonwijk,,Openbaar parkeren en parkeervergunningen,https://www.funda.nl/huur/utrecht/huis-42971360-soestdijkstraat-8/,,7 m²,,Vrijstaande stenen berging,,,,,,,,Achtertuin,,"Gas gestookt combiketel uit 2015, eigendom","Eengezinswoning, tussenwoning","38 m² (7,5 meter diep en 5 meter breed)",Gelegen op het zuidoosten bereikbaar via achterom,,,,,,,117 m²,1750,,118,5,4,1 badkamer , 1 apart toilet,2.0,F,,False,True,38
145,Karel Doormanlaan 11,3572 NA,€ 1.750 per maand (geen servicekosten),€ 3.500 eenmalig,,18 oktober 2022,,,Bovenwoning (appartement met open portiek),Bestaande bouw,1965,,,,,,250 m³,3 kamers (2 slaapkamers),,,,,,,,,,,,,https://www.funda.nl/huur/utrecht/appartement-88354070-karel-doormanlaan-11/,,,"D
            1,75",,,,,,,,,,,,,,,100 m² wonen,,,,,,,1750,,100,3,2,,,,D,"1,75",False,False,
146,Hickorylaan 324,3545 CT,"€ 1.254 per maand (exclusief servicekosten à € 65,00 /mnd)",Geen,Onbepaalde tijd,2 maanden,Onder optie,In overleg,Galerijflat (appartement),Nieuwbouw,2022,Plat dak bedekt met bitumineuze dakbedekking,,98 m²,3 m²,11 m²,254 m³,3 kamers (2 slaapkamers),1 badkamer en 1 apart toilet,Ligbad,1 woonlaag,2e woonlaag,Lift en mechanische ventilatie,A,Volledig geïsoleerd,Stadsverwarming en gehele vloerverwarming,Stadsverwarming,In woonwijk,Parkeerkelder en parkeerplaats,Openbaar parkeren en parkeergarage,https://www.funda.nl/huur/utrecht/appartement-42813356-hickorylaan-324/,,,,,,,,,,,Balkon aanwezig,,,,,,,,,,,,,,1254,6500,98,3,2,1 badkamer , 1 apart toilet,2.0,A,,True,False,
147,Pieterskerkhof 23 B,3512 JS,"€ 1.675 per maand (exclusief servicekosten à € 100,00 /mnd)",€ 3.350 eenmalig,Onbepaalde tijd,21 oktober 2022,Beschikbaar,Beschikbaar per 1-11-2022,Maisonnette (appartement),Bestaande bouw,2022,Plat dak bedekt met bitumineuze dakbedekking,,66 m²,,,220 m³,2 kamers (1 slaapkamer),1 badkamer en 1 apart toilet,Douche,3 woonlagen,1e woonlaag,Elektra,,"Dakisolatie, dubbel glas, muurisolatie, vloerisolatie en volledig geïsoleerd",Stadsverwarming,Centrale voorziening,In centrum,,Betaald parkeren,https://www.funda.nl/huur/utrecht/appartement-88357720-pieterskerkhof-23-b/,Gestoffeerd en monument,5 m²,A++,Box,,,,,,,,,,,,,,,,,,,,,1675,10000,66,2,1,1 badkamer , 1 apart toilet,2.0,A++,,False,False,
148,Nijenoord 219,3552 AS,"€ 1.023 per maand (exclusief servicekosten à € 55,00 /mnd)",Geen,Onbepaalde tijd,6+ maanden,Beschikbaar,Per direct beschikbaar,Bovenwoning,Bestaande bouw,1958,,,52 m²,,,135 m³,2 kamers (1 slaapkamer),,,1 woonlaag,,,,,,,,,,https://www.funda.nl/huur/utrecht/appartement-42638953-nijenoord-219/,,,Niet beschikbaar,,Nee,Nee,Nee,Nee,Nee,Nee,,,,,,,,,,,,,,,1023,5500,52,2,1,,,,Niet beschikbaar,,False,False,
149,Bollenhofsestraat 39 A,3572 VH,€ 1.500 per maand (geen servicekosten),€ 1.500 eenmalig,Onbepaalde tijd,14 oktober 2022,Beschikbaar,In overleg,,Bestaande bouw,1906,,,72 m²,,,200 m³,3 kamers (2 slaapkamers),1 badkamer,Douche en toilet,3 woonlagen,,,,Volledig geïsoleerd,Cv-ketel,Cv-ketel,Aan rustige weg en in woonwijk,,Openbaar parkeren en parkeervergunningen,https://www.funda.nl/huur/utrecht/huis-42983493-bollenhofsestraat-39-a/,,,Niet beschikbaar,,,,,,,,,,,"Combiketel uit 2018, eigendom","Eengezinswoning, hoekwoning",,,,,,,,,64 m²,1500,,72,3,2,1 badkamer,,,Niet beschikbaar,,False,False,
150,Oudenoord 172,3513 EV,"€ 1.134 per maand (exclusief servicekosten à € 30,00 /mnd)",Geen,Onbepaalde tijd,4 weken,Beschikbaar,Per direct beschikbaar,Galerijflat,Bestaande bouw,2017,,,54 m²,,,151 m³,1 kamer (1 slaapkamer),,,1 woonlaag,,,,,,,,,,https://www.funda.nl/huur/utrecht/appartement-42953887-oudenoord-172/,,,"G
            1,83",,Nee,Nee,Nee,Nee,Nee,Nee,,,,,,,,,,,,,,,1134,3000,54,1,1,,,,G,"1,83",False,False,
151,Van Sijpesteijnkade 17 B,3521 AH,€ 1.450 per maand (geen servicekosten),Geen,Onbepaalde tijd,3 maanden,Beschikbaar,Per direct beschikbaar,Galerijflat,Nieuwbouw,2022,,,55 m²,,,143 m³,2 kamers (1 slaapkamer),1 badkamer,,14 woonlagen,4e woonlaag,,,,,,,,,https://www.funda.nl/huur/utrecht/appartement-42886785-van-sijpesteijnkade-17-b/,,,Niet beschikbaar,,Nee,Nee,Nee,Nee,Nee,Nee,,,,,,,,,,,,,,,1450,,55,2,1,1 badkamer,,,Niet beschikbaar,,False,False,
152,Gildstraat 86 B,3572 ER,€ 1.550 per maand (geen servicekosten),€ 1.550 eenmalig,Tijdelijke verhuur,20 oktober 2022,Beschikbaar,Beschikbaar per 1-12-2022,Bovenwoning (appartement),Bestaande bouw,1904,,,65 m²,,8 m²,155 m³,2 kamers (1 slaapkamer),1 badkamer en 1 apart toilet,Douche,2 woonlagen,3e woonlaag,TV kabel,G,Dakisolatie en gedeeltelijk dubbel glas,Cv-ketel,Cv-ketel,Aan rustige weg en in woonwijk,,Betaald parkeren en parkeervergunningen,https://www.funda.nl/huur/utrecht/appartement-42985072-gildstraat-86-b/,Gestoffeerd,,,,,,,,,,Dakterras aanwezig,,,,,,,,,,,,,,1550,,65,2,1,1 badkamer , 1 apart toilet,2.0,G,,True,False,
153,Amsterdamsestraatweg 233 E,3551 CC,€ 1.095 per maand (servicekosten onbekend),€ 1.095 eenmalig,Onbepaalde tijd,3 weken,Beschikbaar,Beschikbaar per 1-12-2022,Bovenwoning (appartement),Bestaande bouw,1930,Plat dak bedekt met bitumineuze dakbedekking,,55 m²,1 m²,10 m²,125 m³,2 kamers (1 slaapkamer),1 badkamer en 1 apart toilet,,1 woonlaag,3e woonlaag,Mechanische ventilatie en TV kabel,,,Cv-ketel,Cv-ketel,"Aan drukke weg, in centrum en vrij uitzicht",,Betaald parkeren en parkeervergunningen,https://www.funda.nl/huur/utrecht/appartement-42975720-amsterdamsestraatweg-233-e/,,,C,Inpandig,,,,,,,,,,"Gas gestookt, eigendom",,,,,,,,,,,1095,,55,2,1,1 badkamer , 1 apart toilet,2.0,C,,False,False,
154,CAB-rondom 131,3534 BJ,€ 1.455 per maand (servicekosten onbekend),Geen,Onbepaalde tijd,20 oktober 2022,Beschikbaar,In overleg,Galerijflat (appartement),Nieuwbouw,2023,Plat dak bedekt met bitumineuze dakbedekking,,96 m²,3 m²,17 m²,249 m³,4 kamers (3 slaapkamers),2 badkamers en 1 apart toilet,,1 woonlaag,5e woonlaag,"Lift, mechanische ventilatie en zonnepanelen",A,Volledig geïsoleerd,Stadsverwarming en gehele vloerverwarming,Stadsverwarming,In centrum en in woonwijk,,Openbaar parkeren,https://www.funda.nl/huur/utrecht/appartement-42992029-cab-rondom-131/,,,,,,,,,,,Balkon aanwezig,,,,,,,,,,,,,,1455,,96,4,3,2 badkamers , 1 apart toilet,3.0,A,,True,False,
155,Auriollaan 41,3527 ES,€ 1.575 per maand (geen servicekosten),€ 3.150 eenmalig,,2 weken,,,Tussenverdieping (appartement met open portiek),Bestaande bouw,2016,,,,,,185 m³,4 kamers (3 slaapkamers),,,,,,,,,,,,,https://www.funda.nl/huur/utrecht/appartement-88340702-auriollaan-41/,,,"F
            2,45",,,,,,,,,,,,,,,75 m² wonen,,,,,,,1575,,75,4,3,,,,F,"2,45",False,False,
